"","Name","Rank","Tuition.and.fees","City","State","Zip","URL","Latitude","Longitude","ADMrate","Ownership","Citytype","SAT","AvgCost","Major_agriculture","Major_NatureResource","Major_Architecture","Major_CS","Major_Edu","Major_Engineering","Major_Bio","Major_MathStat","Major_Psychology","Major_SocialScience","Major_Business","Major_History"
"1","Princeton University",1,"$45,320 ","Princeton","NJ","08544-0070","www.princeton.edu","40.348732","-74.659365","0.0652",2,"21","1493",61860,"0","0","1","0","0","1","1","1","1","1","0","1"
"2","Harvard University",2,"$47,074 ","Cambridge","MA","02138","www.harvard.edu","42.374471","-71.118313","0.054",2,"12","1506",64400,"0","1","0","1","0","2","2","1","1","2","0","2"
"3","University of Chicago",3,"$52,491 ","Chicago","IL","60637","WWW.UCHICAGO.EDU","41.787994","-87.599539","0.0794",2,"11","1508",70100,"0","1","0","1","0","0","1","1","1","1","0","1"
"4","Yale University",4,"$49,480 ","New Haven","CT","06520","www.yale.edu","41.311158","-72.926688","0.0632",2,"12","1502",66445,"0","1","1","1","0","1","1","1","1","1","0","1"
"5","Stanford University",5,"$47,940 ","Stanford","CA","94305","www.stanford.edu/","37.429434","-122.167359","0.0481",2,"21","1476",64477,"0","0","0","1","0","1","1","1","1","1","0","1"
"6","Columbia University in the City of New York",6,"$55,056 ","New York","NY","10027","www.columbia.edu","40.808286","-73.961885","0.0683",2,"11","1496",69021,"0","1","1","1","1","1","1","1","1","1","1","1"
"7","Massachusetts Institute of Technology",7,"$48,452 ","Cambridge","MA","02139-4307","web.mit.edu/","42.360095","-71.092115","0.0794",2,"12","1519",63250,"0","0","1","1","0","1","1","1","0","1","1","1"
"8","Duke University",8,"$51,265 ","Durham","NC","27708","WWW.DUKE.EDU","36.001135","-78.937624","0.1083",2,"11","1460",67005,"0","1","0","1","1","1","1","1","1","1","0","1"
"9","University of Pennsylvania",9,"$51,464 ","Philadelphia","PA","19104-6303","www.upenn.edu","39.950929","-75.19391","0.0944",2,"11","1481",66800,"0","1","1","1","0","1","1","1","1","1","1","1"
"10","Johns Hopkins University",10,"$50,410 ","Baltimore","MD","21218-2688","www.jhu.edu","39.328977","-76.621595","0.1284",2,"11","1476",65473,"0","1","0","2","1","2","1","1","1","1","2","1"
"11","Dartmouth College",11,"$51,438 ","Hanover","NH","03755-3529","www.dartmouth.edu","43.704115","-72.289949","0.1059",2,"33","1441",67044,"0","1","0","1","0","1","1","1","1","1","0","1"
"12","California Institute of Technology",12,"$47,577 ","Pasadena","CA","91125","www.caltech.edu","34.137349","-118.125878","0.0807",2,"12","1555",63471,"0","0","0","1","0","1","1","1","0","1","1","1"
"13","Northwestern University",13,"$50,855 ","Evanston","IL","60208","www.northwestern.edu","42.050356","-87.679858","0.1066",2,"13","1470",67887,"0","1","1","1","1","1","1","1","1","1","1","1"
"14","Brown University",14,"$51,367 ","Providence","RI","02912","www.brown.edu","41.82617","-71.40385","0.0931",2,"12","1459",65380,"0","1","0","1","1","1","1","1","1","1","1","1"
"15","Cornell University",15,"$50,953 ","Ithaca","NY","14853","www.cornell.edu","42.4472","-76.483084","0.1409",2,"13","1436",65464,"1","1","1","1","1","1","1","1","1","1","1","1"
"16","Rice University",16,"$43,918 ","Houston","TX","77005-1827","www.rice.edu","29.717897","-95.402035","0.1527",2,"11","1490",58253,"0","1","1","1","0","1","1","1","1","1","1","1"
"17","University of Notre Dame",17,"$49,685 ","Notre Dame","IN","46556","www.nd.edu","41.703058","-86.238959","0.1873",2,"21","1474",64775,"0","1","1","1","1","1","1","1","1","1","1","1"
"18","Vanderbilt University",18,"$45,610 ","Nashville","TN","37240","www.vanderbilt.edu","36.14659","-86.803369","0.1075",2,"11","1495",63532,"0","0","0","1","1","1","1","1","1","1","0","1"
"19","Washington University in St Louis",19,"$49,770 ","Saint Louis","MO","63130-4899","www.wustl.edu","38.647929","-90.310604","0.1653",2,"21","1472",67751,"0","1","1","1","1","1","1","1","1","1","1","1"
"20","Emory University",20,"$47,954 ","Atlanta","GA","30322","www.emory.edu","33.790183","-84.325512","0.2529",2,"21","1397",63058,"0","1","0","1","1","1","1","1","1","1","1","1"
"21","Georgetown University",21,"$50,547 ","Washington","DC","20057-0001","www.georgetown.edu","38.908809","-77.073463","0.1685",2,"11","1422",66971,"0","0","0","1","0","0","1","1","1","1","1","1"
"22","University of California-Berkeley",22,"$40,191 ","Berkeley","CA","94720","www.berkeley.edu","37.871918","-122.260463","0.1693",1,"12","1422",34924,"0","1","1","1","0","1","1","1","1","1","1","1"
"23","University of Southern California",23,"$52,217 ","Los Angeles","CA","90089","www.usc.edu/","34.021281","-118.284169","0.1662",2,"11","1395",67064,"0","1","1","1","1","1","1","1","1","1","1","1"
"24","Carnegie Mellon University",24,"$52,040 ","Pittsburgh","PA","15213-3890","www.cmu.edu/","40.44357","-79.941993","0.2171",2,"11","1458",65877,"0","1","1","1","1","1","1","1","1","1","1","1"
"25","University of California-Los Angeles",25,"$39,518 ","Los Angeles","CA","90095-1405","www.ucla.edu/","34.068892","-118.443901","0.1799",1,"11","1334",33078,"0","1","1","1","0","1","1","1","1","1","1","1"
"26","The University of Virginia's College at Wise",26,"$45,066 ","Wise","VA","24293-4400","https://www.uvawise.edu/","36.971468","-82.558728","0.7771",1,"32","963",21138,"0","0","0","1","0","1","0","1","0","1","1","1"
"27","Tufts University",27,"$52,430 ","Medford","MA","02155-5555","www.tufts.edu","42.408465","-71.120316","0.1429",2,"21","1445",65814,"0","1","1","1","0","1","1","1","1","1","0","1"
"28","Wake Forest University",28,"$49,308 ","Winston-Salem","NC","27106","www.wfu.edu","36.133609","-80.277446","0.3034",2,"12","NULL",64442,"0","0","0","1","1","1","1","1","1","1","1","1"
"29","University of Michigan-Ann Arbor",29,"$43,476 ","Ann Arbor","MI","48109","www.umich.edu","42.275921","-83.742769","0.2859",1,"12","1386",27725,"0","1","1","1","1","1","1","1","1","1","1","1"
"30","University of North Carolina at Chapel Hill",30,"$33,916 ","Chapel Hill","NC","27599","www.unc.edu","35.911769","-79.050969","0.2694",1,"13","1338",24327,"0","1","0","1","1","1","1","1","1","1","1","1"
"31","Boston College",31,"$51,296 ","Chestnut Hill","MA","02467","www.bc.edu","42.336213","-71.169242","0.3114",2,"13","1378",65595,"0","1","0","1","1","0","1","1","1","1","1","1"
"32","University of Rochester",32,"$50,142 ","Rochester","NY","14627-0011","www.rochester.edu","43.126397","-77.631202","0.3553",2,"12","NULL",65364,"0","1","0","1","1","1","1","1","1","1","1","1"
"33","College of William and Mary",33,"$41,718 ","Williamsburg","VA","23187-8795","www.wm.edu","37.269489","-76.708214","0.3652",1,"23","1360",33630,"0","0","0","1","0","0","1","1","1","1","1","1"
"34","Brandeis University",34,"$51,570 ","Waltham","MA","02454-9110","www.brandeis.edu/","42.364947","-71.254716","0.3344",2,"13","1377",65954,"0","1","0","1","1","0","1","1","1","1","1","1"
"35","California Institute of Technology",35,"$32,404 ","Pasadena","CA","91125","www.caltech.edu","34.137349","-118.125878","0.0807",2,"12","1555",63471,"0","0","0","1","0","1","1","1","0","1","1","1"
"36","New York University",36,"$49,062 ","New York","NY","10012-1091","www.nyu.edu","40.729452","-73.997264","0.3187",2,"11","1371",67637,"0","0","0","1","1","2","1","1","1","2","2","1"
"37","Case Western Reserve University",37,"$46,006 ","Cleveland","OH","44106","www.case.edu","41.507419","-81.609596","0.3544",2,"11","1408",61371,"0","1","1","1","1","1","1","1","1","1","1","1"
"38","University of California-Santa Barbara",38,"$40,704 ","Santa Barbara","CA","93106","www.ucsb.edu","34.416297","-119.846426","0.3577",1,"22","1281",34998,"0","1","0","1","0","1","1","1","1","1","1","1"
"39","Boston University",39,"$50,240 ","Boston","MA","02215","www.bu.edu","42.351118","-71.107942","0.2943",2,"11","1328",65809,"0","0","1","1","1","1","1","1","1","1","1","1"
"40","Northeastern University",40,"$47,655 ","Boston","MA","02115-5005","www.northeastern.edu","42.339992","-71.088782","0.2888",2,"11","1434",62789,"0","1","1","1","0","1","1","1","1","1","1","1"
"41","Rensselaer Polytechnic Institute",41,"$50,797 ","Troy","NY","12180-3590","www.rpi.edu","42.729978","-73.676646","0.4435",2,"13","1365",66172,"0","1","1","1","0","1","1","1","1","1","1","0"
"42","Tulane University of Louisiana",42,"$51,010 ","New Orleans","LA","70118-5698","tulane.edu","29.940069","-90.122144","0.255",2,"11","1346",64926,"0","1","1","1","1","1","1","1","1","1","1","1"
"43","University of California-Irvine",43,"$39,458 ","Irvine","CA","92697","www.uci.edu/","33.648434","-117.841248","0.4065",1,"11","1206",31198,"0","1","1","1","1","1","1","1","1","1","1","1"
"44","Lehigh University",44,"$48,320 ","Bethlehem","PA","18015","www.lehigh.edu","40.606822","-75.380236","0.2611",2,"13","1340",60391,"0","1","1","1","0","1","1","1","1","1","1","1"
"45","University of Miami",45,"$47,004 ","Coral Gables","FL","33146","www.miami.edu/","25.72126","-80.278662","0.3771",2,"21","1323",59833,"0","1","1","1","1","1","1","1","1","1","1","1"
"46","University of California-Hastings College of Law",46,"$40,728 ","San Francisco","CA","94102-4978","www.uchastings.edu","37.781137","-122.4157","NULL",1,"11","NULL",NA,"0","0","0","0","0","0","0","0","0","0","0","0"
"47","University of California-San Diego",47,"$41,387 ","La Jolla","CA","92093","www.ucsd.edu","32.876598","-117.237793","0.3566",1,"11","1324",31043,"0","1","0","1","1","1","1","1","1","1","1","1"
"48","University of Illinois at Urbana-Champaign",48,"$31,320 ","Champaign","IL","61820-5711","www.illinois.edu/","40.104718","-88.229114","0.6007",1,"13","1320",29764,"1","1","1","1","1","1","1","1","1","1","1","1"
"49","University of Wisconsin-Madison",49,"$32,738 ","Madison","WI","53706-1380","www.wisc.edu","43.075409","-89.404098","0.5262",1,"11","1302",24594,"1","1","1","1","1","1","1","1","1","1","1","1"
"50","Pepperdine University",50,"$50,022 ","Malibu","CA","90263","www.pepperdine.edu/","34.037786","-118.707077","0.3687",2,"21","1251",66152,"0","0","0","1","1","0","1","1","1","1","2","1"
"51","University of Florida",51,"$28,666 ","Gainesville","FL","32611","www.ufl.edu/","29.64629","-82.347911","0.4594",1,"12","1287",20571,"1","1","1","2","1","1","2","1","2","2","1","1"
"52","Villanova University",52,"$49,280 ","Villanova","PA","19085-1699","www.villanova.edu","40.039388","-75.345457","0.435",2,"21","1350",62583,"0","1","0","1","1","1","1","1","1","1","2","1"
"53","University of Washington-Seattle Campus",53,"$34,791 ","Seattle","WA","98195-4550","www.washington.edu","47.65538","-122.30514","0.4535",1,"11","1266",25520,"1","1","1","1","2","1","1","1","1","2","1","1"
"54","George Washington University",54,"$51,950 ","Washington","DC","20052","www.gwu.edu","38.89923","-77.048363","0.4021",2,"11","1301",65218,"0","1","0","2","0","1","1","1","1","1","1","1"
"55","Southern Methodist University",55,"$50,358 ","Dallas","TX","75275-0221","www.smu.edu","32.845254","-96.784855","0.4892",2,"21","1330",66889,"0","1","0","1","1","1","1","1","1","1","1","1"
"56","University of Georgia",56,"$29,844 ","Athens","GA","30602","www.uga.edu","33.956262","-83.374039","0.539",1,"12","1262",24991,"1","1","1","1","2","1","1","1","1","1","2","1"
"57","Fordham University",57,"$47,317 ","Bronx","NY","10458","www.fordham.edu","40.859354","-73.882705","0.4522",2,"11","1281",63109,"0","1","0","1","1","1","1","1","1","1","1","1"
"58","Syracuse University",58,"$45,022 ","Syracuse","NY","13244","https://www.syracuse.edu","43.040176","-76.136975","0.5232",2,"12","1204",61070,"0","0","1","1","1","1","1","1","1","1","1","1"
"59","University of Connecticut",59,"$35,858 ","Storrs","CT","06269","uconn.edu/","41.809098","-72.249948","0.488",1,"21","1248",29128,"1","1","1","1","1","1","1","1","1","1","1","1"
"60","Worcester Polytechnic Institute",60,"$46,994 ","Worcester","MA","01609-2280","https://www.wpi.edu/","42.274853","-71.808339","0.4844",2,"12","NULL",60878,"0","0","0","1","0","1","1","1","1","1","1","0"
"61","University of Maryland-College Park",61,"$32,045 ","College Park","MD","20742","www.umd.edu","38.988178","-76.944721","0.4806",1,"21","1337",24041,"1","1","1","1","1","1","1","1","1","1","1","1"
"62","Clemson University",62,"$32,796 ","Clemson","SC","29634","www.clemson.edu","34.679381","-82.835114","0.5054",1,"21","1269",27722,"1","1","1","1","1","2","1","1","1","1","1","1"
"63","Yeshiva University",63,"$40,670 ","New York","NY","10033-3299","www.yu.edu","40.850605","-73.929873","0.5075",2,"11","1217",57355,"0","0","0","1","1","1","1","1","1","1","1","1"
"64","Brigham Young University-Provo",64,"$5,300 ","Provo","UT","84602","www.byu.edu","40.250851","-111.649281","0.5118",2,"12","1293",17395,"1","0","0","1","1","1","1","1","1","1","1","1"
"65","University of Pittsburgh-Bradford",65,"$29,758 ","Bradford","PA","16701","www.upb.pitt.edu/","41.943415","-78.673701","0.526",1,"33","982",25788,"0","0","0","1","1","1","1","1","1","1","1","0"
"66","Rutgers University-New Brunswick",66,"$30,023 ","New Brunswick","NJ","08901-1281","newbrunswick.rutgers.edu/","40.498769","-74.446251","0.5694",1,"13","1230",29388,"1","1","1","2","0","1","1","1","2","2","2","1"
"67","Baylor University",67,"$42,006 ","Waco","TX","76798","www.baylor.edu","31.54896","-97.117641","0.3972",2,"12","1246",56701,"0","1","0","1","1","1","1","1","1","1","1","1"
"68","Stevens Institute of Technology",68,"$48,838 ","Hoboken","NJ","07030-5991","www.stevens.edu","40.744776","-74.025334","0.3911",2,"21","1360",62100,"0","0","0","1","0","1","1","1","0","1","1","0"
"69","University of Minnesota-Twin Cities",69,"$22,210 ","Minneapolis","MN","55455-0213","https://twin-cities.umn.edu","44.972851","-93.235464","0.4441",1,"11","1288",25370,"1","1","1","2","2","2","1","1","1","1","2","1"
"70","American University",70,"$44,853 ","Washington","DC","20016-8001","WWW.AMERICAN.EDU","38.936005","-77.088875","0.2591",2,"11","1262",60501,"0","1","0","1","1","0","1","1","1","1","1","1"
"71","Clark University",71,"$43,150 ","Worcester","MA","01610-1477","www.clarku.edu","42.249987","-71.823356","0.5473",2,"12","NULL",51609,"0","1","0","1","0","0","1","1","1","1","1","1"
"72","Texas A & M University-College Station",72,"$28,768 ","College Station","TX","77843-1248","www.tamu.edu","30.618726","-96.336475","0.6717",1,"12","1205",24682,"1","1","1","1","0","1","1","1","1","1","1","1"
"73","University of Massachusetts-Amherst",73,"$30,123 ","Amherst","MA","01003","www.umass.edu","42.385999","-72.526728","0.5968",1,"21","1234",28000,"1","1","1","1","1","1","1","1","1","1","2","1"
"74","Bryant & Stratton College-Virginia Beach",74,"$29,371 ","Virginia Beach","VA","23462","www.bryantstratton.edu","36.827826","-76.13819","NULL",3,"11","NULL",22519,"0","0","0","0","0","0","0","0","0","0","1","0"
"75","University of Delaware",75,"$31,420 ","Newark","DE","19716","www.udel.edu/","39.679577","-75.752822","0.695",1,"21","1170",24557,"2","1","1","1","1","1","1","1","1","1","1","1"
"76","Miami University-Oxford",76,"$31,592 ","Oxford","OH","45056","miamioh.edu","39.507757","-84.732954","0.6538",1,"31","1276",29413,"0","1","1","1","1","1","1","1","1","1","1","1"
"77","University of California-Santa Cruz",77,"$40,241 ","Santa Cruz","CA","95064-1011","www.ucsc.edu/","36.995584","-122.058801","0.5785",1,"13","1201",34608,"1","1","0","1","1","1","1","1","1","1","1","1"
"78","Colorado School of Mines",78,"$34,828 ","Golden","CO","80401","www.mines.edu","39.751443","-105.223364","0.4035",1,"21","1354",31226,"0","0","0","1","0","1","0","1","0","1","0","0"
"79","Michigan State University",79,"$39,090 ","East Lansing","MI","48824-1046","https://www.msu.edu","42.73212","-84.476111","0.6574",1,"13","1194",25809,"1","1","1","1","1","1","1","1","1","1","1","1"
"80","Texas Christian University",80,"$42,670 ","Fort Worth","TX","76129","www.tcu.edu/","32.709568","-97.361537","0.3758",2,"11","1223",58040,"1","1","0","1","1","1","1","1","1","1","1","1"
"81","University of Iowa",81,"$28,413 ","Iowa City","IA","52242-1316","www.uiowa.edu","41.661935","-91.536425","0.8411",1,"13","1165",21010,"0","1","0","1","1","1","1","1","1","1","2","1"
"82","Marquette University",82,"$38,470 ","Milwaukee","WI","53233","www.marquette.edu","43.03903","-87.927961","0.8434",2,"11","1199",51316,"0","1","0","1","1","1","1","1","1","1","1","1"
"83","University of Denver",83,"$46,362 ","Denver","CO","80208","www.du.edu","39.678005","-104.963259","0.5347",2,"11","1262",59656,"0","2","0","1","0","1","1","1","1","2","2","1"
"84","University of San Diego",84,"$46,140 ","San Diego","CA","92110-2492","www.sandiego.edu","32.77142","-117.188721","0.5138",2,"11","1237",61004,"0","1","1","1","0","1","1","1","1","1","1","1"
"85","University of Tulsa",85,"$38,796 ","Tulsa","OK","74104-3189","https://utulsa.edu","36.152324","-95.945941","0.3696",2,"11","1308",53667,"0","1","0","1","1","1","1","1","1","1","1","1"
"86","Indiana University-Bloomington",86,"$34,246 ","Bloomington","IN","47405-7000","www.iub.edu","39.16609","-86.526559","0.7872",1,"13","1200",24432,"0","1","0","1","1","0","1","1","1","1","2","1"
"87","Florida State University",87,"$24,673 ","Tallahassee","FL","32306-1037","www.fsu.edu","30.440756","-84.291921","0.5801",1,"12","1214",21938,"0","1","0","1","1","1","1","1","1","1","1","1"
"88","University of Vermont",88,"$40,364 ","Burlington","VT","05405-0160","www.uvm.edu","44.477325","-73.196646","0.6894",1,"13","1216",30573,"1","2","0","1","1","1","1","1","1","1","1","1"
"89","North Carolina State University at Raleigh",89,"$26,399 ","Raleigh","NC","27695-7001","www.ncsu.edu","35.785111","-78.674517","0.4751",1,"11","1273",22226,"1","1","1","1","1","1","1","1","1","1","1","1"
"90","University of Colorado Boulder",90,"$35,079 ","Boulder","CO","80309-0017","www.colorado.edu","40.008781","-105.270823","0.7662",1,"12","1229",31393,"0","1","1","1","1","1","1","1","1","1","1","1"
"91","Drexel University",91,"$51,030 ","Philadelphia","PA","19104","www.drexel.edu","39.955217","-75.190051","0.7465",2,"11","1204",67821,"0","1","1","1","1","1","1","1","1","1","1","1"
"92","Saint Louis University",92,"$40,726 ","Saint Louis","MO","63103-2097","www.slu.edu","38.636801","-90.2351","0.6474",2,"11","1259",54698,"0","1","0","1","1","1","1","1","1","1","2","1"
"93","Auburn University",93,"$28,840 ","Auburn","AL","36849","www.auburn.edu","32.599378","-85.488258","0.8054",1,"13","1217",29794,"1","1","1","1","1","1","1","1","1","1","1","1"
"94","Loyola University Chicago",94,"$41,384 ","Chicago","IL","60660","www.luc.edu","42.000765","-87.656872","0.7257",2,"11","1195",54324,"0","1","0","2","1","1","1","1","2","1","2","1"
"95","SUNY College of Environmental Science and Forestry",95,"$17,620 ","Syracuse","NY","13210","www.esf.edu","43.034765","-76.138724","0.5421",1,"12","1157",24430,"0","1","1","0","0","1","1","0","0","0","1","0"
"96","Illinois Institute of Technology",96,"$45,214 ","Chicago","IL","60616","web.iit.edu/","41.8313","-87.627321","0.571",2,"11","1275",57277,"0","0","1","1","0","1","1","1","1","1","1","0"
"97","University of Oregon",97,"$33,442 ","Eugene","OR","97403","www.uoregon.edu","44.045146","-123.075792","0.7787",1,"12","1111",24209,"0","1","1","1","1","0","1","1","1","1","1","1"
"98","University of Alabama at Birmingham",98,"$26,950 ","Birmingham","AL","35294-0110","www.uab.edu","33.505697","-86.799345","0.5814",1,"12","1125",22684,"0","0","0","1","1","1","1","1","1","1","2","1"
"99","The University of Tennessee-Chattanooga",99,"$30,858 ","Chattanooga","TN","37403-2598","www.utc.edu","35.048247","-85.299812","0.7826",1,"12","1088",21495,"0","1","0","1","1","1","1","1","1","1","1","1"
"100","Rochester Institute of Technology",100,"$38,568 ","Rochester","NY","14623-5603","www.rit.edu/","43.084188","-77.67386","0.5493",2,"21","1254",50713,"0","1","0","1","0","1","1","1","1","1","1","0"
"101","University of San Francisco",101,"$44,494 ","San Francisco","CA","94117-1080","https://www.usfca.edu","37.775564","-122.450977","0.7137",2,"11","1150",61072,"0","1","1","1","0","0","1","1","1","1","1","1"
"102","University of New Hampshire-School of Law",102,"$31,424 ","Concord","NH","03301-4197","https://law.unh.edu","43.207371","-71.545152","NULL",1,"31","NULL",NA,"0","0","0","0","0","0","0","0","0","0","0","0"
"103","University of North Carolina at Asheville",103,"$31,282 ","Asheville","NC","28804-8510","https://www.unca.edu","35.617068","-82.565392","0.7593",1,"13","1155",18424,"0","1","0","1","0","1","1","1","1","1","1","1"
"104","Iowa State University",104,"$21,483 ","Ames","IA","50011-2103","www.iastate.edu","42.026212","-93.648504","0.8749",1,"13","1144",19182,"1","1","1","1","1","1","1","1","1","1","1","1"
"105","University of Dayton",105,"$40,940 ","Dayton","OH","45469","https://www.udayton.edu","39.739547","-84.176113","0.6035",2,"12","1185",53530,"0","1","0","1","1","1","1","1","1","1","1","1"
"106","University of the Pacific",106,"$44,588 ","Stockton","CA","95211-0197","www.pacific.edu","37.981424","-121.312301","0.6599",2,"11","1180",56899,"0","1","0","1","1","1","1","1","1","1","1","1"
"107","University of Utah",107,"$27,039 ","Salt Lake City","UT","84112-9008","www.utah.edu","40.762484","-111.846044","0.7642",1,"12","1116",18444,"0","1","1","1","1","1","1","1","1","1","1","1"
"108","University of Mississippi",108,"$25,892 ","University","MS","38677-1848","www.olemiss.edu","34.365529","-89.537434","0.783",1,"33","1155",23372,"0","0","0","1","2","1","1","1","1","1","1","1"
"109","University of Nebraska-Lincoln",109,"$23,148 ","Lincoln","NE","68588","www.unl.edu/","40.817598","-96.700508","0.7527",1,"11","1144",22535,"2","1","1","1","1","1","1","1","1","1","1","1"
"110","University of Oklahoma-Health Sciences Center",110,"$21,451 ","Oklahoma City","OK","73117-1221","ouhsc.edu","35.47928","-97.496289","NULL",1,"11","NULL",NA,"0","0","0","0","0","0","0","0","0","0","0","0"
"111","Michigan Technological University",111,"$30,968 ","Houghton","MI","49931-1295","www.mtu.edu","47.11866","-88.548092","0.7644",1,"33","1242",26587,"0","1","0","1","0","1","1","1","1","1","1","1"
"112","Seton Hall University",112,"$39,258 ","South Orange","NJ","07079-2697","www.shu.edu/","40.742336","-74.246027","0.669",2,"21","1156",51395,"0","1","0","1","1","0","1","1","1","1","2","1"
"113","Temple University",113,"$25,994 ","Philadelphia","PA","19122-6096","www.temple.edu","39.980546","-75.156859","0.5219",1,"11","NULL",30166,"1","1","1","1","1","1","1","1","1","1","2","1"
"114","University of Kansas",114,"$25,932 ","Lawrence","KS","66045","www.ku.edu","38.958549","-95.247567","0.9301",1,"13","1185",23687,"0","1","1","1","1","1","1","1","2","1","1","1"
"115","University of California-Riverside",115,"$40,263 ","Riverside","CA","92521","WWW.UCR.EDU","33.97246","-117.32741","0.6634",1,"11","1078",31494,"0","1","0","1","0","1","1","1","1","1","1","1"
"116","University of St Thomas",116,"$39,594 ","Saint Paul","MN","55105-1078","www.stthomas.edu","44.943439","-93.188986","0.8266",2,"11","1204",50515,"0","1","0","1","1","1","1","1","1","1","1","1"
"117","University of St Thomas",116,"$39,594 ","Houston","TX","77006-4696","www.stthom.edu","29.736438","-95.393102","0.7739",2,"11","1085",41141,"0","1","0","1","0","0","1","1","1","1","1","1"
"118","DePaul University",117,"$37,626 ","Chicago","IL","60604","https://www.depaul.edu","41.877618","-87.62724","0.6975",2,"11","NULL",50997,"0","1","1","2","1","0","1","1","1","1","1","1"
"119","Duquesne University",118,"$35,062 ","Pittsburgh","PA","15282","www.duq.edu","40.43589","-79.993123","0.7394",2,"11","1165",48219,"0","1","0","2","1","0","1","1","1","1","2","1"
"120","Howard University",119,"$24,908 ","Washington","DC","20059-0001","www.howard.edu","38.922392","-77.018966","0.3",2,"11","1142",43116,"0","0","1","1","1","1","1","1","1","1","1","1"
"121","University of Arizona",120,"$30,025 ","Tucson","AZ","85721-0066","www.arizona.edu","32.232672","-110.950815","0.7862",1,"11","NULL",24633,"1","1","2","2","2","1","1","1","2","1","2","2"
"122","Catholic University of America",121,"$42,536 ","Washington","DC","20064","https://www.catholic.edu","38.933651","-76.997909","0.7955",2,"11","NULL",57561,"0","0","1","1","1","1","1","1","1","1","1","1"
"123","Clarkson University",122,"$46,132 ","Potsdam","NY","13699","www.clarkson.edu","44.662716","-74.999359","0.6821",2,"33","1190",61992,"0","1","0","1","0","1","1","1","1","1","1","1"
"124","Arizona State University-Tempe",123,"$25,458 ","Tempe","AZ","85287","www.asu.edu/","33.417721","-111.934383","0.825",1,"12","1147",23931,"0","1","1","1","1","1","1","1","1","1","1","1"
"125","Colorado State University-Fort Collins",124,"$28,374 ","Fort Collins","CO","80523-0100","www.colostate.edu","40.574805","-105.080732","0.7796",1,"12","1159",24885,"2","1","1","1","1","1","1","1","2","2","1","1"
"126","Imagine-Paul Mitchell Partner School",125,"$45,535 ","North Little Rock","AR","72117","paulmitchell.edu/littlerock","34.789913","-92.222202","NULL",3,"13","NULL",NA,"0","0","0","0","0","0","0","0","0","0","0","0"
"127","Hofstra University",126,"$42,160 ","Hempstead","NY","11549","www.hofstra.edu","40.715959","-73.60078","0.6222",2,"21","1177",55322,"0","1","0","1","1","1","1","1","1","1","1","1"
"128","University of Kentucky",127,"$26,334 ","Lexington","KY","40506-0032","www.uky.edu","38.038911","-84.504747","0.9079",1,"11","1159",26143,"1","1","1","1","1","1","1","1","1","1","1","1"
"129","Kansas State University",128,"$23,429 ","Manhattan","KS","66506","www.k-state.edu","39.188648","-96.581077","0.9407",1,"13","NULL",21989,"1","1","1","1","1","1","1","1","1","1","2","1"
"130","Mercer University",129,"$35,130 ","Macon","GA","31207","www.mercer.edu","32.831787","-83.648295","0.6935",2,"12","1211",48766,"0","1","0","1","1","1","1","1","2","1","1","1"
"131","New Jersey Institute of Technology",130,"$30,326 ","Newark","NJ","07102","www.njit.edu/","40.741997","-74.177113","0.593",1,"11","1204",29143,"0","1","1","1","0","1","1","1","0","0","1","1"
"132","University of Arkansas",131,"$23,168 ","Fayetteville","AR","72701","www.uark.edu","36.070009","-94.176981","0.632",1,"13","1170",21817,"1","1","1","1","1","1","1","1","1","1","2","1"
"133","University of Mississippi",132,"$22,012 ","University","MS","38677-1848","www.olemiss.edu","34.365529","-89.537434","0.783",1,"33","1155",23372,"0","0","0","1","2","1","1","1","1","1","1","1"
"134","Rutgers University-Newark",133,"$29,480 ","Newark","NJ","07102","www.newark.rutgers.edu/","40.739122","-74.175809","0.6531",1,"11","1005",23299,"0","1","0","1","0","1","1","1","2","2","2","1"
"135","University of Cincinnati-Main Campus",134,"$26,334 ","Cincinnati","OH","45221-0063","www.uc.edu","39.131159","-84.51428","0.7642",1,"11","1164",26683,"1","1","1","1","2","1","1","1","1","1","1","1"
"136","George Mason University",135,"$32,582 ","Fairfax","VA","22030-4444","https://www2.gmu.edu/","38.829976","-77.307428","0.8099",1,"21","1165",24347,"0","1","0","2","1","1","1","1","1","1","1","1"
"137","Oregon State University",136,"$28,846 ","Corvallis","OR","97331","oregonstate.edu","44.56395","-123.274723","0.7748",1,"13","1127",26189,"2","2","0","2","1","1","1","1","2","2","1","2"
"138","Washington State University",137,"$25,673 ","Pullman","WA","99164-5910","wsu.edu/","46.730448","-117.158168","0.7204",1,"32","1054",26441,"1","1","1","1","1","2","1","1","2","2","2","1"
"139","Adelphi University",138,"$34,034 ","Garden City","NY","11530-0701","www.adelphi.edu/","40.721439","-73.653321","0.7029",2,"21","1114",47647,"0","1","0","1","1","0","1","1","1","1","1","1"
"140","San Diego State University",139,"$18,244 ","San Diego","CA","92182","www.sdsu.edu","32.77525","-117.071228","0.3464",1,"11","1132",22056,"0","1","0","1","1","1","1","1","1","1","1","1"
"141","Sofia University",140,"$21,208 ","Palo Alto","CA","94303","www.sofia.edu","37.430325","-122.10866","NULL",3,"13","NULL",NA,"0","0","0","0","0","0","0","0","2","0","0","0"
"142","Saint John Fisher College",141,"$31,880 ","Rochester","NY","14618-3597","https://www.sjfc.edu","43.116259","-77.513056","0.6454",2,"21","1078",43779,"0","0","0","1","1","0","1","1","1","1","1","1"
"143","Illinois State University",142,"$20,886 ","Normal","IL","61790-1000","illinoisstate.edu/","40.509403","-88.990058","0.8888",1,"22","1090",27421,"1","0","0","1","1","0","1","1","1","1","1","1"
"144","Immaculata University",143,"$35,210 ","Immaculata","PA","19345","www.immaculata.edu","40.027981","-75.570711","0.8189",2,"21","970",50339,"0","0","0","2","1","0","1","1","1","1","2","1"
"145","University of La Verne",144,"$39,900 ","La Verne","CA","91750-4401","www.laverne.edu/","34.10086","-117.772634","0.4806",2,"21","1040",50603,"0","1","0","1","1","0","1","1","1","1","2","1"
"146","Northwestern Oklahoma State University",145,"$20,978 ","Alva","OK","73717-2799","www.nwosu.edu","36.796658","-98.667673","0.4377",1,"33","970",14626,"1","0","0","1","1","0","1","1","1","1","2","1"
"147","University of California-Berkeley",146,"$39,944 ","Berkeley","CA","94720","www.berkeley.edu","37.871918","-122.260463","0.1693",1,"12","1422",34924,"0","1","1","1","0","1","1","1","1","1","1","1"
"148","University of Illinois at Chicago",147,"$26,526 ","Chicago","IL","60607","www.uic.edu","41.871837","-87.650503","0.7359",1,"11","1105",25131,"0","0","1","1","1","1","1","1","1","1","2","1"
"149","University of Massachusetts-Lowell",148,"$29,125 ","Lowell","MA","01854-5104","www.uml.edu","42.652864","-71.326809","0.6057",1,"21","1172",26318,"0","0","0","2","0","1","1","2","2","1","2","1"
"150","Seattle Pacific University",149,"$38,940 ","Seattle","WA","98119-1997","www.spu.edu","47.650214","-122.361667","0.8728",2,"11","1108",51149,"0","0","0","1","1","1","1","1","1","1","1","1"
"151","University of Rhode Island",150,"$28,852 ","Kingston","RI","02881","web.uri.edu/","41.484691","-71.527356","0.7276",1,"21","1081",27552,"1","1","1","1","1","1","1","1","1","1","1","1"
"152","University of Alabama at Birmingham",151,"$17,654 ","Birmingham","AL","35294-0110","www.uab.edu","33.505697","-86.799345","0.5814",1,"12","1125",22684,"0","0","0","1","1","1","1","1","1","1","2","1"
"153","University of Maryland-Baltimore County",152,"$24,492 ","Baltimore","MD","21250","umbc.edu","39.256686","-76.711607","0.5683",1,"21","1216",23818,"0","1","0","1","1","1","1","1","1","1","1","1"
"154","University of North Florida",153,"$17,325 ","Jacksonville","FL","32224-7699","www.unf.edu","30.27194","-81.509144","0.6453",1,"11","1110",20926,"0","0","0","1","1","1","1","1","1","1","1","1"
"155","Biola University",154,"$36,696 ","La Mirada","CA","90639-0001","https://www.biola.edu","33.906203","-118.014374","0.6485",2,"21","1093",48857,"0","1","0","1","1","1","1","1","1","1","1","1"
"156","Virginia Commonwealth University",155,"$31,608 ","Richmond","VA","23284-2512","www.vcu.edu/","37.547631","-77.453597","0.8115",1,"12","1094",29278,"0","1","0","1","1","1","1","1","1","1","1","1"
"157","Maryville University of Saint Louis",156,"$27,958 ","Saint Louis","MO","63141-7299","www.maryville.edu","38.644774","-90.505998","0.928",2,"21","1114",43804,"0","1","0","1","1","1","1","1","1","1","2","1"
"158","Missouri University of Science and Technology",157,"$26,152 ","Rolla","MO","65409","www.mst.edu/","37.953426","-91.775583","0.7933",1,"33","1265",21698,"0","0","0","1","0","1","1","1","1","1","1","1"
"159","Saint Johns University",158,"$39,460 ","Collegeville","MN","56321","www.csbsju.edu","45.580075","-94.393621","0.8778",2,"41","1134",52168,"0","1","0","1","1","0","1","1","1","1","1","1"
"160","Union University",159,"$30,420 ","Jackson","TN","38305-3697","www.uu.edu","35.676896","-88.858524","0.6257",2,"13","1200",47458,"0","0","0","1","1","1","1","1","1","1","2","1"
"161","Edgewood College",160,"$27,530 ","Madison","WI","53711-1997","www.edgewood.edu","43.057059","-89.422884","0.7587",2,"11","1069",39116,"0","1","0","1","1","0","1","1","1","1","1","1"
"162","Florida Institute of Technology",161,"$40,446 ","Melbourne","FL","32901-6975","www.fit.edu","28.065815","-80.622893","0.6133",2,"13","1179",55984,"0","1","0","1","1","1","1","1","1","0","1","0"
"163","University of Idaho",162,"$22,040 ","Moscow","ID","83844-2282","www.uidaho.edu","46.727406","-117.014167","0.7589",1,"32","1070",20045,"1","1","1","1","1","1","1","1","1","1","1","2"
"164","University of Louisville",163,"$24,626 ","Louisville","KY","40292-0001","www.louisville.edu","38.216862","-85.760412","0.7257",1,"11","1165",24768,"0","0","0","0","1","1","1","1","1","1","1","1"
"165","University of Wyoming",164,"$16,215 ","Laramie","WY","82071","www.uwyo.edu","41.311773","-105.57931","0.9508",1,"33","1102",19169,"1","1","0","1","1","1","1","1","1","1","1","1"
"166","Ball State University",165,"$25,428 ","Muncie","IN","47306","www.bsu.edu","40.203431","-85.409043","0.6225",1,"13","1057",23157,"0","1","1","1","1","1","1","1","1","1","2","1"
"167","Lipscomb University",166,"$29,756 ","Nashville","TN","37204-3951","www.lipscomb.edu","36.10469","-86.799304","0.6085",2,"11","1142",42170,"0","1","0","1","1","1","1","1","1","1","2","1"
"168","Mississippi State University",167,"$20,142 ","Mississippi State","MS","39762","www.msstate.edu","33.454852","-88.790139","0.5567",1,"33","1125",22818,"1","1","1","1","1","1","1","1","1","1","1","1"
"169","Montclair State University",168,"$20,318 ","Montclair","NJ","07043-1624","www.montclair.edu","40.860414","-74.198141","0.6613",1,"21","NULL",24885,"0","0","0","1","1","0","1","1","1","1","1","1"
"170","Texas Tech University",169,"$22,861 ","Lubbock","TX","79409-5005","www.ttu.edu","33.583448","-101.874783","0.626",1,"11","1117",22112,"2","1","1","1","0","1","1","1","1","1","1","1"
"171","University of Central Florida",170,"$22,467 ","Orlando","FL","32816","www.ucf.edu/","28.602159","-81.200889","0.4999",1,"21","1179",21168,"0","0","1","1","2","1","1","1","2","2","1","2"
"172","University of New Mexico-Gallup Campus",171,"$21,302 ","Gallup","NM","87301","www.gallup.unm.edu","35.502662","-108.727252","NULL",1,"41","NULL",12891,"0","0","0","0","0","0","0","0","0","0","0","0"
"173","Andrews University",172,"$27,684 ","Berrien Springs","MI","49104","www.andrews.edu","41.963859","-86.355815","0.4042",2,"31","1127",36529,"1","0","1","1","1","1","1","1","1","1","1","1"
"174","Azusa Pacific University",173,"$36,120 ","Azusa","CA","91702-7000","www.apu.edu","34.130047","-117.888375","0.6146",2,"21","1035",48284,"0","0","0","2","1","0","1","1","1","1","2","1"
"175","University of Maine",174,"$29,498 ","Orono","ME","04469","www.umaine.edu/","44.899257","-68.669332","0.8975",1,"23","1073",22904,"1","1","0","1","1","1","1","1","1","2","1","1"
"176","West Virginia University",175,"$21,432 ","Morgantown","WV","26506","www.wvu.edu","39.634371","-79.954391","0.7612",1,"13","1069",19512,"1","1","1","1","1","1","1","1","1","1","1","1"
"177","Widener University",176,"$42,870 ","Chester","PA","19013-5792","www.widener.edu","39.861689","-75.355363","0.6973",2,"21","1040",55342,"0","1","0","1","1","1","1","1","1","1","1","1"
"178","Robert Morris University",177,"$28,250 ","Moon Township","PA","15108-1189","www.rmu.edu","40.520415","-80.210468","0.7984",2,"21","1050",42015,"0","1","0","1","2","1","1","1","2","2","2","1"
"179","Suffolk University",178,"$35,578 ","Boston","MA","02108-2770","www.suffolk.edu","42.358944","-71.061788","0.8442",2,"11","1020",48936,"0","1","0","1","1","1","1","1","1","1","1","1"
"180","University of Hartford",179,"$37,790 ","West Hartford","CT","06117-1599","www.hartford.edu","41.798591","-72.715213","0.7193",2,"12","1046",51495,"0","0","0","1","1","1","1","1","1","1","1","1"
"181","Athens State University",180,"$18,376 ","Athens","AL","35611","www.athens.edu","34.806793","-86.964698","NULL",1,"31","NULL",NA,"0","0","0","2","2","0","1","1","1","1","2","1"
"182","North Dakota State University-Main Campus",181,"$19,790 ","Fargo","ND","58108-6050","https://www.ndsu.edu","46.893127","-96.800838","0.928",1,"12","1091",19602,"1","1","1","1","1","1","1","1","1","2","1","1"
"183","Alabama State University",182,"$42,772 ","Montgomery","AL","36104-0271","www.alasu.edu","32.364317","-86.295677","0.459",1,"12","825",19242,"0","0","0","1","1","1","1","1","2","1","1","1"
"184","University of Houston",183,"$25,410 ","Houston","TX","77204-2018","www.uh.edu/","29.720393","-95.343537","0.5854",1,"11","1152",23858,"0","1","1","1","0","1","1","1","1","1","1","1"
"185","Western Michigan University",184,"$25,713 ","Kalamazoo","MI","49008-5200","https://wmich.edu/","42.282194","-85.613759","0.8231",1,"13","1030",23598,"0","1","1","1","1","1","1","1","1","1","1","1"
"186","Bowling Green State University-Firelands",185,"$18,332 ","Huron","OH","44839-9791","www.firelands.bgsu.edu","41.397521","-82.594156","NULL",1,"41","NULL",14572,"0","0","0","0","0","0","0","0","0","0","0","0"
"187","Lesley University",186,"$25,750 ","Cambridge","MA","02138-2790","www.lesley.edu","42.38012","-71.117303","0.6373",2,"12","1064",40889,"0","1","0","0","2","0","1","1","2","2","2","1"
"188","Indiana University-Purdue University-Indianapolis",187,"$29,791 ","Indianapolis","IN","46202-5143","www.iupui.edu","39.772948","-86.172217","0.7397",1,"11","1025",20451,"0","1","0","1","1","1","1","1","1","1","2","1"
"189","University of Alabama in Huntsville",188,"$20,622 ","Huntsville","AL","35899","www.uah.edu","34.724557","-86.640449","0.7628",1,"12","1257",22059,"0","0","0","1","1","1","1","1","1","1","1","1"
"190","University of Colorado Denver/Anschutz Medical Campus",189,"$29,334 ","Denver","CO","80217-3364","www.ucdenver.edu/","39.745149","-104.837722","0.6052",1,"11","1077",20306,"0","0","1","1","2","1","1","1","2","2","2","1"
"191","University of Nevada-Reno",190,"$21,052 ","Reno","NV","89557","www.unr.edu/","39.543642","-119.815377","0.8281",1,"12","1088",20702,"1","1","0","1","1","1","1","1","1","1","1","1"
"192","Central Michigan University",191,"$23,670 ","Mount Pleasant","MI","48859","https://www.cmich.edu","43.591203","-84.77525","0.7156",1,"32","1049",22778,"0","1","0","1","1","1","1","1","2","2","2","1"
"193","Louisiana Tech University",192,"$25,851 ","Ruston","LA","71272","www.latech.edu","32.528297","-92.649963","0.6319",1,"32","1105",18954,"1","1","1","1","1","1","1","1","1","1","2","1"
"194","South Dakota State University",193,"$11,403 ","Brookings","SD","57007-1898","https://www.sdstate.edu/","44.317485","-96.782139","0.9076",1,"33","1069",25761,"1","1","1","1","2","1","1","1","1","2","1","1"
"195","University of North Dakota",194,"$18,899 ","Grand Forks","ND","58202-8193","und.edu","47.921654","-97.071738","0.8369",1,"13","1090",19290,"0","0","0","1","2","1","1","1","2","1","1","1"
"196","University of South Dakota",195,"$11,688 ","Vermillion","SD","57069-2390","WWW.USD.EDU","42.786019","-96.925283","0.8813",1,"32","1050",20806,"0","0","0","1","1","0","1","1","1","1","1","1"
"197","California State University-Fullerton",196,"$17,596 ","Fullerton","CA","92831-3599","www.fullerton.edu","33.881506","-117.885446","0.4823",1,"21","1017",17049,"0","0","0","1","1","1","1","1","1","2","2","1"
"198","University of Alaska Fairbanks",197,"$22,469 ","Fairbanks","AK","99775-7500","www.uaf.edu","64.85756","-147.823146","0.7347",1,"23","1060",16694,"0","1","0","1","2","1","1","1","1","1","2","1"
"199","University of North Carolina at Charlotte",198,"$20,193 ","Charlotte","NC","28223-0001","www.uncc.edu","35.306022","-80.730919","0.6203",1,"11","1112",19723,"0","0","1","1","1","1","1","1","1","1","1","1"
"200","East Carolina University",199,"$22,904 ","Greenville","NC","27858-4353","www.ecu.edu","35.607186","-77.368291","0.7034",1,"13","1040",20567,"0","0","1","2","2","1","1","1","1","1","2","1"
"201","Montana State University",200,"$23,042 ","Bozeman","MT","59717","www.montana.edu/","45.666726","-111.048812","0.8287",1,"33","1126",19441,"1","2","1","1","2","1","1","2","1","1","1","1"
"202","Old Dominion University",201,"$27,028 ","Norfolk","VA","23529","www.odu.edu","36.886418","-76.30666","0.8464",1,"12","1010",22806,"0","0","0","2","2","2","1","1","2","2","2","1"
"203","University of Missouri-Kansas City",202,"$22,714 ","Kansas City","MO","64110","www.umkc.edu/","39.034179","-94.582141","0.6187",1,"11","1126",21575,"0","1","1","1","1","1","1","1","1","1","1","1"
"204","Ashland University",203,"$20,392 ","Ashland","OH","44805","https://www.ashland.edu","40.861755","-82.321061","0.7247",2,"31","1051",32390,"0","1","0","1","1","0","1","1","1","1","2","1"
"205","Dallas Baptist University",204,"$26,180 ","Dallas","TX","75211-9299","https://www.dbu.edu","32.710017","-96.947006","0.4311",2,"11","1060",36371,"0","1","0","1","1","0","1","1","2","2","2","2"
"206","Northern Illinois University",205,"$23,799 ","Dekalb","IL","60115-2828","www.niu.edu","41.933869","-88.766428","0.5184",1,"23","1030",28725,"0","1","0","1","1","1","1","1","1","1","1","1"
"207","Nova Southeastern University",206,"$27,660 ","Fort Lauderdale","FL","33314-7796","www.nova.edu","26.079337","-80.24248","0.5254",2,"21","1127",43351,"0","1","0","1","2","1","1","0","1","1","2","1"
"208","Southern Illinois University-Carbondale",207,"$27,130 ","Carbondale","IL","62901-4512","www.siu.edu","37.714193","-89.217273","0.7665",1,"13","1029",26868,"1","1","1","2","1","1","1","1","1","1","2","1"
"209","University of Montevallo",208,"$24,562 ","Montevallo","AL","35115-6000","www.montevallo.edu","33.10625","-86.865099","0.6542",1,"21","1069",24599,"0","0","0","0","1","0","1","1","1","1","1","1"
"210","Benedictine University",209,"$32,170 ","Lisle","IL","60532-0900","www.ben.edu","41.777569","-88.097307","NULL",2,"21","NULL",38036,"0","1","0","1","1","1","1","1","1","1","2","1"
"211","Gardner-Webb University",210,"$29,850 ","Boiling Springs","NC","28017-0997","www.gardner-webb.edu","35.24732","-81.668141","0.5188",2,"32","987",41020,"0","0","0","2","2","0","1","1","1","2","2","1"
"212","Shenandoah University",211,"$31,322 ","Winchester","VA","22601-5195","www.su.edu","39.166058","-78.158376","0.8802",2,"13","1009",44258,"0","1","0","0","1","0","1","1","1","1","1","1"
"213","Tennessee Technological University",212,"$24,800 ","Cookeville","TN","38505-0001","www.tntech.edu","36.174659","-85.503957","0.6721",1,"33","1103",23109,"1","1","0","1","2","1","1","1","1","1","1","1"
"214","University of Southern Mississippi",213,"$16,094 ","Hattiesburg","MS","39406-0001","www.usm.edu","31.32661","-89.331236","0.6014",1,"13","1070",20469,"0","0","1","1","2","1","1","1","1","1","2","1"
"215","Utah State University",214,"$19,772 ","Logan","UT","84322-1400","www.usu.edu","41.740748","-111.81391","0.9025",1,"13","1087",18093,"2","1","1","1","1","1","1","1","2","2","1","1"
"216","California State University-Fresno",215,"$17,209 ","Fresno","CA","93740","www.csufresno.edu","36.814477","-119.748258","0.5354",1,"11","907",16078,"1","1","0","1","1","1","1","1","1","1","1","1"
"217","New Mexico State University-Dona Ana",216,"$21,234 ","Las Cruces","NM","88011","dacc.nmsu.edu/","32.354486","-106.737172","NULL",1,"41","NULL",10972,"0","0","0","0","0","0","0","0","0","0","0","0"
"218","University of Massachusetts-Boston",217,"$32,023 ","Boston","MA","02125-3393","www.umb.edu","42.312881","-71.036865","0.6852",1,"11","1073",21884,"0","1","0","1","1","1","1","1","1","1","1","1"
"219","University of Massachusetts-Dartmouth",218,"$19,270 ","North Dartmouth","MA","02747-2300","www.umassd.edu","41.62869","-71.004552","0.7602",1,"22","1025",25410,"0","0","0","1","1","1","1","1","1","2","2","1"
"220","University of Missouri-St Louis",219,"$26,277 ","Saint Louis","MO","63121-4400","www.umsl.edu/","38.710312","-90.311091","0.7062",1,"21","1101",22105,"0","0","0","1","1","1","1","1","1","2","2","2"
"221","University of North Carolina at Greensboro",220,"$21,595 ","Greensboro","NC","27402-6170","www.uncg.edu","36.068236","-79.809414","0.7393",1,"11","1054",18764,"0","0","0","2","2","0","1","1","1","1","2","1"
