"","State","Rank","Name","Tuition.and.fees.x","Undergrad.Enrollment.x","City","Zip","URL","Latitude","Longitude","ADMrate","Ownership","Citytype","SAT","AvgCost","Major_agriculture","Major_NatureResource","Major_Architecture","Major_CS","Major_Edu","Major_Engineering","Major_Bio","Major_MathStat","Major_Psychology","Major_SocialScience","Major_Business","Major_History","Tuition.and.fees.y","Undergrad.Enrollment.y","Earn","CrimeRate","HappyRank","HappyScore"
"1","NJ",1,"Princeton University","$45,320 ","5,402","Princeton","08544-0070","www.princeton.edu",40.348732,-74.659365,"0.0652","Private nonprofit","Suburb","1493",61860,0,0,1,0,0,1,1,1,1,1,0,1,"$45,320 ","5,402",93200,261.2,20,56.82
"2","MA",2,"Harvard University","$47,074 ","6,699","Cambridge","02138","www.harvard.edu",42.374471,-71.118313,"0.054","Private nonprofit","City","1506",64400,0,1,0,1,0,2,2,1,1,2,0,2,"$47,074 ","6,699",112800,391.4,16,57.42
"3","IL",3,"University of Chicago","$52,491 ","5,844","Chicago","60637","WWW.UCHICAGO.EDU",41.787994,-87.599539,"0.0794","Private nonprofit","City","1508",70100,0,1,0,1,0,0,1,1,1,1,0,1,"$52,491 ","5,844",81700,370,25,52.6
"4","CT",4,"Yale University","$49,480 ","5,532","New Haven","06520","www.yale.edu",41.311158,-72.926688,"0.0632","Private nonprofit","City","1502",66445,0,1,1,1,0,1,1,1,1,1,0,1,"$49,480 ","5,532",100500,236.9,17,57.04
"5","CA",5,"Stanford University","$47,940 ","6,999","Stanford","94305","www.stanford.edu/",37.429434,-122.167359,"0.0481","Private nonprofit","Suburb","1476",64477,0,0,0,1,0,1,1,1,1,1,0,1,"$47,940 ","6,999",122100,396.1,10,59.96
"6","MA",6,"Massachusetts Institute of Technology","$48,452 ","4,527","Cambridge","02139-4307","web.mit.edu/",42.360095,-71.092115,"0.0794","Private nonprofit","City","1519",63250,0,0,1,1,0,1,1,1,0,1,1,1,"$48,452 ","4,527",126500,391.4,16,57.42
"7","NC",7,"Duke University","$51,265 ","6,639","Durham","27708","WWW.DUKE.EDU",36.001135,-78.937624,"0.1083","Private nonprofit","City","1460",67005,0,1,0,1,1,1,1,1,1,1,0,1,"$51,265 ","6,639",98300,329.5,30,52.16
"8","PA",8,"University of Pennsylvania","$51,464 ","9,726","Philadelphia","19104-6303","www.upenn.edu",39.950929,-75.19391,"0.0944","Private nonprofit","City","1481",66800,0,1,1,1,0,1,1,1,1,1,1,1,"$51,464 ","9,726",106900,314.1,34,49.98
"9","MD",9,"Johns Hopkins University","$50,410 ","6,524","Baltimore","21218-2688","www.jhu.edu",39.328977,-76.621595,"0.1284","Private nonprofit","City","1476",65473,0,1,0,2,1,2,1,1,1,1,2,1,"$50,410 ","6,524",73700,446.1,23,55.14
"10","NH",10,"Dartmouth College","$51,438 ","4,307","Hanover","03755-3529","www.dartmouth.edu",43.704115,-72.289949,"0.1059","Private nonprofit","Town","1441",67044,0,1,0,1,0,1,1,1,1,1,0,1,"$51,438 ","4,307",85300,196.1,11,59.5
"11","CA",11,"California Institute of Technology","$47,577 ","1,001","Pasadena","91125","www.caltech.edu",34.137349,-118.125878,"0.0807","Private nonprofit","City","1555",63471,0,0,0,1,0,1,1,1,0,1,1,1,"$47,577 ","1,001",80500,396.1,10,59.96
"12","IL",12,"Northwestern University","$50,855 ","8,314","Evanston","60208","www.northwestern.edu",42.050356,-87.679858,"0.1066","Private nonprofit","City","1470",67887,0,1,1,1,1,1,1,1,1,1,1,1,"$50,855 ","8,314",73500,370,25,52.6
"13","RI",13,"Brown University","$51,367 ","6,652","Providence","02912","www.brown.edu",41.82617,-71.40385,"0.0931","Private nonprofit","City","1459",65380,0,1,0,1,1,1,1,1,1,1,1,1,"$51,367 ","6,652",68500,219.2,27,52.37
"14","NY",14,"Cornell University","$50,953 ","14,315","Ithaca","14853","www.cornell.edu",42.4472,-76.483084,"0.1409","Private nonprofit","City","1436",65464,1,1,1,1,1,1,1,1,1,1,1,1,"$50,953 ","14,315",81200,381.8,26,52.54
"15","TX",15,"Rice University","$43,918 ","3,910","Houston","77005-1827","www.rice.edu",29.717897,-95.402035,"0.1527","Private nonprofit","City","1490",58253,0,1,1,1,0,1,1,1,1,1,1,1,"$43,918 ","3,910",76800,405.9,29,52.23
"16","IN",16,"University of Notre Dame","$49,685 ","8,462","Notre Dame","46556","www.nd.edu",41.703058,-86.238959,"0.1873","Private nonprofit","Suburb","1474",64775,0,1,1,1,1,1,1,1,1,1,1,1,"$49,685 ","8,462",78700,365.3,40,45.94
"17","TN",17,"Vanderbilt University","$45,610 ","6,883","Nashville","37240","www.vanderbilt.edu",36.14659,-86.803369,"0.1075","Private nonprofit","City","1495",63532,0,0,0,1,1,1,1,1,1,1,0,1,"$45,610 ","6,883",69700,608.4,45,39.96
"18","GA",18,"Emory University","$47,954 ","6,867","Atlanta","30322","www.emory.edu",33.790183,-84.325512,"0.2529","Private nonprofit","Suburb","1397",63058,0,1,0,1,1,1,1,1,1,1,1,1,"$47,954 ","6,867",71800,377.3,37,47.43
"19","DC",19,"Georgetown University","$50,547 ","7,562","Washington","20057-0001","www.georgetown.edu",38.908809,-77.073463,"0.1685","Private nonprofit","City","1422",66971,0,0,0,1,0,0,1,1,1,1,1,1,"$50,547 ","7,562",99400,1244.4,18,57.01
"20","CA",20,"University of Southern California","$52,217 ","18,810","Los Angeles","90089","www.usc.edu/",34.021281,-118.284169,"0.1662","Private nonprofit","City","1395",67064,0,1,1,1,1,1,1,1,1,1,1,1,"$52,217 ","18,810",74300,396.1,10,59.96
"21","PA",21,"Carnegie Mellon University","$52,040 ","6,454","Pittsburgh","15213-3890","www.cmu.edu/",40.44357,-79.941993,"0.2171","Private nonprofit","City","1458",65877,0,1,1,1,1,1,1,1,1,1,1,1,"$52,040 ","6,454",87400,314.1,34,49.98
"22","MA",22,"Tufts University","$52,430 ","5,290","Medford","02155-5555","www.tufts.edu",42.408465,-71.120316,"0.1429","Private nonprofit","Suburb","1445",65814,0,1,1,1,0,1,1,1,1,1,0,1,"$52,430 ","5,290",82900,391.4,16,57.42
"23","NC",23,"Wake Forest University","$49,308 ","4,871","Winston-Salem","27106","www.wfu.edu",36.133609,-80.277446,"0.3034","Private nonprofit","City","NULL",64442,0,0,0,1,1,1,1,1,1,1,1,1,"$49,308 ","4,871",62900,329.5,30,52.16
"24","MA",24,"Boston College","$51,296 ","9,192","Chestnut Hill","02467","www.bc.edu",42.336213,-71.169242,"0.3114","Private nonprofit","City","1378",65595,0,1,0,1,1,0,1,1,1,1,1,1,"$51,296 ","9,192",77600,391.4,16,57.42
"25","NY",25,"University of Rochester","$50,142 ","6,304","Rochester","14627-0011","www.rochester.edu",43.126397,-77.631202,"0.3553","Private nonprofit","City","NULL",65364,0,1,0,1,1,1,1,1,1,1,1,1,"$50,142 ","6,304",61200,381.8,26,52.54
"26","MA",26,"Brandeis University","$51,570 ","3,621","Waltham","02454-9110","www.brandeis.edu/",42.364947,-71.254716,"0.3344","Private nonprofit","City","1377",65954,0,1,0,1,1,0,1,1,1,1,1,1,"$51,570 ","3,621",53300,391.4,16,57.42
"27","NY",27,"New York University","$49,062 ","25,722","New York","10012-1091","www.nyu.edu",40.729452,-73.997264,"0.3187","Private nonprofit","City","1371",67637,0,0,0,1,1,2,1,1,1,2,2,1,"$49,062 ","25,722",62800,381.8,26,52.54
"28","OH",28,"Case Western Reserve University","$46,006 ","5,121","Cleveland","44106","www.case.edu",41.507419,-81.609596,"0.3544","Private nonprofit","City","1408",61371,0,1,1,1,1,1,1,1,1,1,1,1,"$46,006 ","5,121",74200,284.9,39,46.04
"29","MA",29,"Boston University","$50,240 ","17,932","Boston","02215","www.bu.edu",42.351118,-71.107942,"0.2943","Private nonprofit","City","1328",65809,0,0,1,1,1,1,1,1,1,1,1,1,"$50,240 ","17,932",59800,391.4,16,57.42
"30","MA",30,"Northeastern University","$47,655 ","13,697","Boston","02115-5005","www.northeastern.edu",42.339992,-71.088782,"0.2888","Private nonprofit","City","1434",62789,0,1,1,1,0,1,1,1,1,1,1,1,"$47,655 ","13,697",61900,391.4,16,57.42
"31","NY",31,"Rensselaer Polytechnic Institute","$50,797 ","5,864","Troy","12180-3590","www.rpi.edu",42.729978,-73.676646,"0.4435","Private nonprofit","City","1365",66172,0,1,1,1,0,1,1,1,1,1,1,0,"$50,797 ","5,864",71400,381.8,26,52.54
"32","PA",32,"Lehigh University","$48,320 ","5,075","Bethlehem","18015","www.lehigh.edu",40.606822,-75.380236,"0.2611","Private nonprofit","City","1340",60391,0,1,1,1,0,1,1,1,1,1,1,1,"$48,320 ","5,075",75600,314.1,34,49.98
"33","FL",33,"University of Miami","$47,004 ","11,122","Coral Gables","33146","www.miami.edu/",25.72126,-80.278662,"0.3771","Private nonprofit","Suburb","1323",59833,0,1,1,1,1,1,1,1,1,1,1,1,"$47,004 ","11,122",60400,540.5,35,49.14
"34","CA",34,"Pepperdine University","$50,022 ","3,533","Malibu","90263","www.pepperdine.edu/",34.037786,-118.707077,"0.3687","Private nonprofit","Suburb","1251",66152,0,0,0,1,1,0,1,1,1,1,2,1,"$50,022 ","3,533",67300,396.1,10,59.96
"35","FL",35,"University of Florida","$28,666 ","35,043","Gainesville","32611","www.ufl.edu/",29.64629,-82.347911,"0.4594","Public","City","1287",20571,1,1,1,2,1,1,2,1,2,2,1,1,"$28,666 ","35,043",54300,540.5,35,49.14
"36","PA",36,"Villanova University","$49,280 ","6,994","Villanova","19085-1699","www.villanova.edu",40.039388,-75.345457,"0.435","Private nonprofit","Suburb","1350",62583,0,1,0,1,1,1,1,1,1,1,2,1,"$49,280 ","6,994",70700,314.1,34,49.98
"37","DC",37,"George Washington University","$51,950 ","11,157","Washington","20052","www.gwu.edu",38.89923,-77.048363,"0.4021","Private nonprofit","City","1301",65218,0,1,0,2,0,1,1,1,1,1,1,1,"$51,950 ","11,157",70000,1244.4,18,57.01
"38","TX",38,"Southern Methodist University","$50,358 ","6,411","Dallas","75275-0221","www.smu.edu",32.845254,-96.784855,"0.4892","Private nonprofit","Suburb","1330",66889,0,1,0,1,1,1,1,1,1,1,1,1,"$50,358 ","6,411",62600,405.9,29,52.23
"39","GA",39,"University of Georgia","$29,844 ","27,547","Athens","30602","www.uga.edu",33.956262,-83.374039,"0.539","Public","City","1262",24991,1,1,1,1,2,1,1,1,1,1,2,1,"$29,844 ","27,547",48500,377.3,37,47.43
"40","NY",40,"Fordham University","$47,317 ","8,855","Bronx","10458","www.fordham.edu",40.859354,-73.882705,"0.4522","Private nonprofit","City","1281",63109,0,1,0,1,1,1,1,1,1,1,1,1,"$47,317 ","8,855",53400,381.8,26,52.54
"41","NY",41,"Syracuse University","$45,022 ","15,196","Syracuse","13244","https://www.syracuse.edu",43.040176,-76.136975,"0.5232","Private nonprofit","City","1204",61070,0,0,1,1,1,1,1,1,1,1,1,1,"$45,022 ","15,196",55000,381.8,26,52.54
"42","CT",42,"University of Connecticut","$35,858 ","18,826","Storrs","06269","uconn.edu/",41.809098,-72.249948,"0.488","Public","Suburb","1248",29128,1,1,1,1,1,1,1,1,1,1,1,1,"$35,858 ","18,826",55200,236.9,17,57.04
"43","MA",43,"Worcester Polytechnic Institute","$46,994 ","4,299","Worcester","01609-2280","https://www.wpi.edu/",42.274853,-71.808339,"0.4844","Private nonprofit","City","NULL",60878,0,0,0,1,0,1,1,1,1,1,1,0,"$46,994 ","4,299",72900,391.4,16,57.42
"44","SC",44,"Clemson University","$32,796 ","18,016","Clemson","29634","www.clemson.edu",34.679381,-82.835114,"0.5054","Public","Suburb","1269",27722,1,1,1,1,1,2,1,1,1,1,1,1,"$32,796 ","18,016",48700,497.7,38,47.06
"45","NY",45,"Yeshiva University","$40,670 ","2,744","New York","10033-3299","www.yu.edu",40.850605,-73.929873,"0.5075","Private nonprofit","City","1217",57355,0,0,0,1,1,1,1,1,1,1,1,1,"$40,670 ","2,744",65500,381.8,26,52.54
"46","TX",46,"Baylor University","$42,006 ","14,189","Waco","76798","www.baylor.edu",31.54896,-97.117641,"0.3972","Private nonprofit","City","1246",56701,0,1,0,1,1,1,1,1,1,1,1,1,"$42,006 ","14,189",48000,405.9,29,52.23
"47","NJ",47,"Stevens Institute of Technology","$48,838 ","2,873","Hoboken","07030-5991","www.stevens.edu",40.744776,-74.025334,"0.3911","Private nonprofit","Suburb","1360",62100,0,0,0,1,0,1,1,1,0,1,1,0,"$48,838 ","2,873",73900,261.2,20,56.82
"48","DC",48,"American University","$44,853 ","7,909","Washington","20016-8001","WWW.AMERICAN.EDU",38.936005,-77.088875,"0.2591","Private nonprofit","City","1262",60501,0,1,0,1,1,0,1,1,1,1,1,1,"$44,853 ","7,909",55200,1244.4,18,57.01
"49","MA",49,"Clark University","$43,150 ","2,397","Worcester","01610-1477","www.clarku.edu",42.249987,-71.823356,"0.5473","Private nonprofit","City","NULL",51609,0,1,0,1,0,0,1,1,1,1,1,1,"$43,150 ","2,397",43400,391.4,16,57.42
"50","DE",50,"University of Delaware","$31,420 ","18,322","Newark","19716","www.udel.edu/",39.679577,-75.752822,"0.695","Public","Suburb","1170",24557,2,1,1,1,1,1,1,1,1,1,1,1,"$31,420 ","18,322",53100,489.1,19,57.01
"51","CO",51,"Colorado School of Mines","$34,828 ","4,608","Golden","80401","www.mines.edu",39.751443,-105.223364,"0.4035","Public","Suburb","1354",31226,0,0,0,1,0,1,0,1,0,1,0,0,"$34,828 ","4,608",80900,309.1,5,61.59
"52","MI",52,"Michigan State University","$39,090 ","39,143","East Lansing","48824-1046","https://www.msu.edu",42.73212,-84.476111,"0.6574","Public","City","1194",25809,1,1,1,1,1,1,1,1,1,1,1,1,"$39,090 ","39,143",51700,427.3,43,44.17
"53","TX",53,"Texas Christian University","$42,670 ","8,894","Fort Worth","76129","www.tcu.edu/",32.709568,-97.361537,"0.3758","Private nonprofit","City","1223",58040,1,1,0,1,1,1,1,1,1,1,1,1,"$42,670 ","8,894",51700,405.9,29,52.23
"54","IA",54,"University of Iowa","$28,413 ","23,357","Iowa City","52242-1316","www.uiowa.edu",41.661935,-91.536425,"0.8411","Public","City","1165",21010,0,1,0,1,1,1,1,1,1,1,2,1,"$28,413 ","23,357",51500,273.5,7,60.92
"55","WI",55,"Marquette University","$38,470 ","8,334","Milwaukee","53233","www.marquette.edu",43.03903,-87.927961,"0.8434","Private nonprofit","City","1199",51316,0,1,0,1,1,1,1,1,1,1,1,1,"$38,470 ","8,334",59500,290.3,15,57.8
"56","CO",56,"University of Denver","$46,362 ","5,758","Denver","80208","www.du.edu",39.678005,-104.963259,"0.5347","Private nonprofit","City","1262",59656,0,2,0,1,0,1,1,1,1,2,2,1,"$46,362 ","5,758",53000,309.1,5,61.59
"57","CA",57,"University of San Diego","$46,140 ","5,647","San Diego","92110-2492","www.sandiego.edu",32.77142,-117.188721,"0.5138","Private nonprofit","City","1237",61004,0,1,1,1,0,1,1,1,1,1,1,1,"$46,140 ","5,647",60400,396.1,10,59.96
"58","OK",58,"University of Tulsa","$38,796 ","3,478","Tulsa","74104-3189","https://utulsa.edu",36.152324,-95.945941,"0.3696","Private nonprofit","City","1308",53667,0,1,0,1,1,1,1,1,1,1,1,1,"$38,796 ","3,478",50000,406,44,41.36
"59","FL",59,"Florida State University","$24,673 ","32,706","Tallahassee","32306-1037","www.fsu.edu",30.440756,-84.291921,"0.5801","Public","City","1214",21938,0,1,0,1,1,1,1,1,1,1,1,1,"$24,673 ","32,706",44700,540.5,35,49.14
"60","VT",60,"University of Vermont","$40,364 ","10,973","Burlington","05405-0160","www.uvm.edu",44.477325,-73.196646,"0.6894","Public","City","1216",30573,1,2,0,1,1,1,1,1,1,1,1,1,"$40,364 ","10,973",44500,99.3,14,58.01
"61","PA",61,"Drexel University","$51,030 ","14,138","Philadelphia","19104","www.drexel.edu",39.955217,-75.190051,"0.7465","Private nonprofit","City","1204",67821,0,1,1,1,1,1,1,1,1,1,1,1,"$51,030 ","14,138",62900,314.1,34,49.98
"62","MO",62,"Saint Louis University","$40,726 ","8,248","Saint Louis","63103-2097","www.slu.edu",38.636801,-90.2351,"0.6474","Private nonprofit","City","1259",54698,0,1,0,1,1,1,1,1,1,1,2,1,"$40,726 ","8,248",53700,442.9,42,44.58
"63","AL",63,"Auburn University","$28,840 ","21,786","Auburn","36849","www.auburn.edu",32.599378,-85.488258,"0.8054","Public","City","1217",29794,1,1,1,1,1,1,1,1,1,1,1,1,"$28,840 ","21,786",46800,427.4,50,34.15
"64","IL",64,"Loyola University Chicago","$41,384 ","11,079","Chicago","60660","www.luc.edu",42.000765,-87.656872,"0.7257","Private nonprofit","City","1195",54324,0,1,0,2,1,1,1,1,2,1,2,1,"$41,384 ","11,079",51800,370,25,52.6
"65","NY",65,"SUNY College of Environmental Science and Forestry","$17,620 ","1,839","Syracuse","13210","www.esf.edu",43.034765,-76.138724,"0.5421","Public","City","1157",24430,0,1,1,0,0,1,1,0,0,0,1,0,"$17,620 ","1,839",42100,381.8,26,52.54
"66","IL",66,"Illinois Institute of Technology","$45,214 ","2,991","Chicago","60616","web.iit.edu/",41.8313,-87.627321,"0.571","Private nonprofit","City","1275",57277,0,0,1,1,0,1,1,1,1,1,1,0,"$45,214 ","2,991",66500,370,25,52.6
"67","OR",67,"University of Oregon","$33,442 ","20,538","Eugene","97403","www.uoregon.edu",44.045146,-123.075792,"0.7787","Public","City","1111",24209,0,1,1,1,1,0,1,1,1,1,1,1,"$33,442 ","20,538",42300,232.3,32,51.4
"68","NY",68,"Rochester Institute of Technology","$38,568 ","12,607","Rochester","14623-5603","www.rit.edu/",43.084188,-77.67386,"0.5493","Private nonprofit","Suburb","1254",50713,0,1,0,1,0,1,1,1,1,1,1,0,"$38,568 ","12,607",56100,381.8,26,52.54
"69","CA",69,"University of San Francisco","$44,494 ","6,782","San Francisco","94117-1080","https://www.usfca.edu",37.775564,-122.450977,"0.7137","Private nonprofit","City","1150",61072,0,1,1,1,0,0,1,1,1,1,1,1,"$44,494 ","6,782",62200,396.1,10,59.96
"70","IA",70,"Iowa State University","$21,483 ","30,034","Ames","50011-2103","www.iastate.edu",42.026212,-93.648504,"0.8749","Public","City","1144",19182,1,1,1,1,1,1,1,1,1,1,1,1,"$21,483 ","30,034",47600,273.5,7,60.92
"71","OH",71,"University of Dayton","$40,940 ","8,665","Dayton","45469","https://www.udayton.edu",39.739547,-84.176113,"0.6035","Private nonprofit","City","1185",53530,0,1,0,1,1,1,1,1,1,1,1,1,"$40,940 ","8,665",50200,284.9,39,46.04
"72","CA",72,"University of the Pacific","$44,588 ","3,735","Stockton","95211-0197","www.pacific.edu",37.981424,-121.312301,"0.6599","Private nonprofit","City","1180",56899,0,1,0,1,1,1,1,1,1,1,1,1,"$44,588 ","3,735",74300,396.1,10,59.96
"73","UT",73,"University of Utah","$27,039 ","23,794","Salt Lake City","84112-9008","www.utah.edu",40.762484,-111.846044,"0.7642","Public","City","1116",18444,0,1,1,1,1,1,1,1,1,1,1,1,"$27,039 ","23,794",51800,215.6,1,71.02
"74","MI",74,"Michigan Technological University","$30,968 ","5,721","Houghton","49931-1295","www.mtu.edu",47.11866,-88.548092,"0.7644","Public","Town","1242",26587,0,1,0,1,0,1,1,1,1,1,1,1,"$30,968 ","5,721",56800,427.3,43,44.17
"75","NJ",75,"Seton Hall University","$39,258 ","6,090","South Orange","07079-2697","www.shu.edu/",40.742336,-74.246027,"0.669","Private nonprofit","Suburb","1156",51395,0,1,0,1,1,0,1,1,1,1,2,1,"$39,258 ","6,090",53400,261.2,20,56.82
"76","PA",76,"Temple University","$25,994 ","28,609","Philadelphia","19122-6096","www.temple.edu",39.980546,-75.156859,"0.5219","Public","City","NULL",30166,1,1,1,1,1,1,1,1,1,1,2,1,"$25,994 ","28,609",49700,314.1,34,49.98
"77","KS",77,"University of Kansas","$25,932 ","19,245","Lawrence","66045","www.ku.edu",38.958549,-95.247567,"0.9301","Public","City","1185",23687,0,1,1,1,1,1,1,1,2,1,1,1,"$25,932 ","19,245",48900,348.6,24,54.55
"78","IL",78,"DePaul University","$37,626 ","15,961","Chicago","60604","https://www.depaul.edu",41.877618,-87.62724,"0.6975","Private nonprofit","City","NULL",50997,0,1,1,2,1,0,1,1,1,1,1,1,"$37,626 ","15,961",49700,370,25,52.6
"79","PA",79,"Duquesne University","$35,062 ","5,961","Pittsburgh","15282","www.duq.edu",40.43589,-79.993123,"0.7394","Private nonprofit","City","1165",48219,0,1,0,2,1,0,1,1,1,1,2,1,"$35,062 ","5,961",60300,314.1,34,49.98
"80","DC",80,"Howard University","$24,908 ","6,883","Washington","20059-0001","www.howard.edu",38.922392,-77.018966,"0.3","Private nonprofit","City","1142",43116,0,0,1,1,1,1,1,1,1,1,1,1,"$24,908 ","6,883",46000,1244.4,18,57.01
"81","AZ",81,"University of Arizona","$30,025 ","33,732","Tucson","85721-0066","www.arizona.edu",32.232672,-110.950815,"0.7862","Public","City","NULL",24633,1,1,2,2,2,1,1,1,2,1,2,2,"$30,025 ","33,732",46200,399.9,31,51.51
"82","NY",82,"Clarkson University","$46,132 ","3,257","Potsdam","13699","www.clarkson.edu",44.662716,-74.999359,"0.6821","Private nonprofit","Town","1190",61992,0,1,0,1,0,1,1,1,1,1,1,1,"$46,132 ","3,257",61900,381.8,26,52.54
"83","NY",83,"Hofstra University","$42,160 ","6,824","Hempstead","11549","www.hofstra.edu",40.715959,-73.60078,"0.6222","Private nonprofit","Suburb","1177",55322,0,1,0,1,1,1,1,1,1,1,1,1,"$42,160 ","6,824",49500,381.8,26,52.54
"84","KY",84,"University of Kentucky","$26,334 ","22,705","Lexington","40506-0032","www.uky.edu",38.038911,-84.504747,"0.9079","Public","City","1159",26143,1,1,1,1,1,1,1,1,1,1,1,1,"$26,334 ","22,705",46400,211.6,49,35.08
"85","KS",85,"Kansas State University","$23,429 ","19,859","Manhattan","66506","www.k-state.edu",39.188648,-96.581077,"0.9407","Public","City","NULL",21989,1,1,1,1,1,1,1,1,1,1,2,1,"$23,429 ","19,859",43500,348.6,24,54.55
"86","GA",86,"Mercer University","$35,130 ","4,667","Macon","31207","www.mercer.edu",32.831787,-83.648295,"0.6935","Private nonprofit","City","1211",48766,0,1,0,1,1,1,1,1,2,1,1,1,"$35,130 ","4,667",52200,377.3,37,47.43
"87","NJ",87,"New Jersey Institute of Technology","$30,326 ","8,008","Newark","07102","www.njit.edu/",40.741997,-74.177113,"0.593","Public","City","1204",29143,0,1,1,1,0,1,1,1,0,0,1,1,"$30,326 ","8,008",59200,261.2,20,56.82
"88","AR",88,"University of Arkansas","$23,168 ","22,159","Fayetteville","72701","www.uark.edu",36.070009,-94.176981,"0.632","Public","City","1170",21817,1,1,1,1,1,1,1,1,1,1,2,1,"$23,168 ","22,159",44500,480.1,47,38.22
"89","MS",89,"University of Mississippi","$22,012 ","18,785","University","38677-1848","www.olemiss.edu",34.365529,-89.537434,"0.783","Public","Town","1155",23372,0,0,0,1,2,1,1,1,1,1,1,1,"$22,012 ","18,785",48000,278.5,48,36.05
"90","VA",90,"George Mason University","$32,582 ","23,062","Fairfax","22030-4444","https://www2.gmu.edu/",38.829976,-77.307428,"0.8099","Public","Suburb","1165",24347,0,1,0,2,1,1,1,1,1,1,1,1,"$32,582 ","23,062",55400,196.2,21,56.61
"91","OR",91,"Oregon State University","$28,846 ","24,612","Corvallis","97331","oregonstate.edu",44.56395,-123.274723,"0.7748","Public","City","1127",26189,2,2,0,2,1,1,1,1,2,2,1,2,"$28,846 ","24,612",47000,232.3,32,51.4
"92","WA",92,"Washington State University","$25,673 ","24,470","Pullman","99164-5910","wsu.edu/",46.730448,-117.158168,"0.7204","Public","Town","1054",26441,1,1,1,1,1,2,1,1,2,2,2,1,"$25,673 ","24,470",48300,285.2,12,59.26
"93","NY",93,"Adelphi University","$34,034 ","4,852","Garden City","11530-0701","www.adelphi.edu/",40.721439,-73.653321,"0.7029","Private nonprofit","Suburb","1114",47647,0,1,0,1,1,0,1,1,1,1,1,1,"$34,034 ","4,852",53700,381.8,26,52.54
"94","CA",94,"San Diego State University","$18,244 ","29,234","San Diego","92182","www.sdsu.edu",32.77525,-117.071228,"0.3464","Public","City","1132",22056,0,1,0,1,1,1,1,1,1,1,1,1,"$18,244 ","29,234",46400,396.1,10,59.96
"95","IL",95,"Illinois State University","$20,886 ","18,426","Normal","61790-1000","illinoisstate.edu/",40.509403,-88.990058,"0.8888","Public","Suburb","1090",27421,1,0,0,1,1,0,1,1,1,1,1,1,"$20,886 ","18,426",43700,370,25,52.6
"96","PA",96,"Immaculata University","$35,210 ","1,790","Immaculata","19345","www.immaculata.edu",40.027981,-75.570711,"0.8189","Private nonprofit","Suburb","970",50339,0,0,0,2,1,0,1,1,1,1,2,1,"$35,210 ","1,790",49500,314.1,34,49.98
"97","CA",97,"University of La Verne","$39,900 ","2,864","La Verne","91750-4401","www.laverne.edu/",34.10086,-117.772634,"0.4806","Private nonprofit","Suburb","1040",50603,0,1,0,1,1,0,1,1,1,1,2,1,"$39,900 ","2,864",44900,396.1,10,59.96
"98","WA",98,"Seattle Pacific University","$38,940 ","3,202","Seattle","98119-1997","www.spu.edu",47.650214,-122.361667,"0.8728","Private nonprofit","City","1108",51149,0,0,0,1,1,1,1,1,1,1,1,1,"$38,940 ","3,202",44000,285.2,12,59.26
"99","RI",99,"University of Rhode Island","$28,852 ","13,641","Kingston","02881","web.uri.edu/",41.484691,-71.527356,"0.7276","Public","Suburb","1081",27552,1,1,1,1,1,1,1,1,1,1,1,1,"$28,852 ","13,641",49100,219.2,27,52.37
"100","CA",100,"Biola University","$36,696 ","4,225","La Mirada","90639-0001","https://www.biola.edu",33.906203,-118.014374,"0.6485","Private nonprofit","Suburb","1093",48857,0,1,0,1,1,1,1,1,1,1,1,1,"$36,696 ","4,225",42700,396.1,10,59.96
"101","VA",101,"Virginia Commonwealth University","$31,608 ","24,051","Richmond","23284-2512","www.vcu.edu/",37.547631,-77.453597,"0.8115","Public","City","1094",29278,0,1,0,1,1,1,1,1,1,1,1,1,"$31,608 ","24,051",42300,196.2,21,56.61
"102","TN",102,"Union University","$30,420 ","2,829","Jackson","38305-3697","www.uu.edu",35.676896,-88.858524,"0.6257","Private nonprofit","City","1200",47458,0,0,0,1,1,1,1,1,1,1,2,1,"$30,420 ","2,829",42900,608.4,45,39.96
"103","WI",103,"Edgewood College","$27,530 ","1,813","Madison","53711-1997","www.edgewood.edu",43.057059,-89.422884,"0.7587","Private nonprofit","City","1069",39116,0,1,0,1,1,0,1,1,1,1,1,1,"$27,530 ","1,813",42600,290.3,15,57.8
"104","FL",104,"Florida Institute of Technology","$40,446 ","3,586","Melbourne","32901-6975","www.fit.edu",28.065815,-80.622893,"0.6133","Private nonprofit","City","1179",55984,0,1,0,1,1,1,1,1,1,0,1,0,"$40,446 ","3,586",50300,540.5,35,49.14
"105","ID",105,"University of Idaho","$22,040 ","9,116","Moscow","83844-2282","www.uidaho.edu",46.727406,-117.014167,"0.7589","Public","Town","1070",20045,1,1,1,1,1,1,1,1,1,1,1,2,"$22,040 ","9,116",39800,212.2,6,60.93
"106","KY",106,"University of Louisville","$24,626 ","15,769","Louisville","40292-0001","www.louisville.edu",38.216862,-85.760412,"0.7257","Public","City","1165",24768,0,0,0,0,1,1,1,1,1,1,1,1,"$24,626 ","15,769",41100,211.6,49,35.08
"107","WY",107,"University of Wyoming","$16,215 ","10,045","Laramie","82071","www.uwyo.edu",41.311773,-105.57931,"0.9508","Public","Town","1102",19169,1,1,0,1,1,1,1,1,1,1,1,1,"$16,215 ","10,045",47000,195.5,13,59.24
"108","IN",108,"Ball State University","$25,428 ","16,602","Muncie","47306","www.bsu.edu",40.203431,-85.409043,"0.6225","Public","City","1057",23157,0,1,1,1,1,1,1,1,1,1,2,1,"$25,428 ","16,602",37700,365.3,40,45.94
"109","TN",109,"Lipscomb University","$29,756 ","3,030","Nashville","37204-3951","www.lipscomb.edu",36.10469,-86.799304,"0.6085","Private nonprofit","City","1142",42170,0,1,0,1,1,1,1,1,1,1,2,1,"$29,756 ","3,030",41200,608.4,45,39.96
"110","MS",110,"Mississippi State University","$20,142 ","17,421","Mississippi State","39762","www.msstate.edu",33.454852,-88.790139,"0.5567","Public","Town","1125",22818,1,1,1,1,1,1,1,1,1,1,1,1,"$20,142 ","17,421",40600,278.5,48,36.05
"111","NJ",111,"Montclair State University","$20,318 ","16,336","Montclair","07043-1624","www.montclair.edu",40.860414,-74.198141,"0.6613","Public","Suburb","NULL",24885,0,0,0,1,1,0,1,1,1,1,1,1,"$20,318 ","16,336",44600,261.2,20,56.82
"112","TX",112,"Texas Tech University","$22,861 ","29,237","Lubbock","79409-5005","www.ttu.edu",33.583448,-101.874783,"0.626","Public","City","1117",22112,2,1,1,1,0,1,1,1,1,1,1,1,"$22,861 ","29,237",50600,405.9,29,52.23
"113","FL",113,"University of Central Florida","$22,467 ","54,513","Orlando","32816","www.ucf.edu/",28.602159,-81.200889,"0.4999","Public","Suburb","1179",21168,0,0,1,1,2,1,1,1,2,2,1,2,"$22,467 ","54,513",42800,540.5,35,49.14
"114","MI",114,"Andrews University","$27,684 ","1,733","Berrien Springs","49104","www.andrews.edu",41.963859,-86.355815,"0.4042","Private nonprofit","Town","1127",36529,1,0,1,1,1,1,1,1,1,1,1,1,"$27,684 ","1,733",37200,427.3,43,44.17
"115","CA",115,"Azusa Pacific University","$36,120 ","5,883","Azusa","91702-7000","www.apu.edu",34.130047,-117.888375,"0.6146","Private nonprofit","Suburb","1035",48284,0,0,0,2,1,0,1,1,1,1,2,1,"$36,120 ","5,883",47600,396.1,10,59.96
"116","ME",116,"University of Maine","$29,498 ","9,297","Orono","04469","www.umaine.edu/",44.899257,-68.669332,"0.8975","Public","Suburb","1073",22904,1,1,0,1,1,1,1,1,1,2,1,1,"$29,498 ","9,297",41000,127.8,33,51.32
"117","WV",117,"West Virginia University","$21,432 ","22,498","Morgantown","26506","www.wvu.edu",39.634371,-79.954391,"0.7612","Public","City","1069",19512,1,1,1,1,1,1,1,1,1,1,1,1,"$21,432 ","22,498",44000,302,51,32.65
"118","PA",119,"Robert Morris University","$28,250 ","4,497","Moon Township","15108-1189","www.rmu.edu",40.520415,-80.210468,"0.7984","Private nonprofit","Suburb","1050",42015,0,1,0,1,2,1,1,1,2,2,2,1,"$28,250 ","4,497",44000,314.1,34,49.98
"119","MA",120,"Suffolk University","$35,578 ","5,565","Boston","02108-2770","www.suffolk.edu",42.358944,-71.061788,"0.8442","Private nonprofit","City","1020",48936,0,1,0,1,1,1,1,1,1,1,1,1,"$35,578 ","5,565",47900,391.4,16,57.42
"120","CT",121,"University of Hartford","$37,790 ","5,246","West Hartford","06117-1599","www.hartford.edu",41.798591,-72.715213,"0.7193","Private nonprofit","City","1046",51495,0,0,0,1,1,1,1,1,1,1,1,1,"$37,790 ","5,246",42000,236.9,17,57.04
"121","TX",122,"University of Houston","$25,410 ","34,716","Houston","77204-2018","www.uh.edu/",29.720393,-95.343537,"0.5854","Public","City","1152",23858,0,1,1,1,0,1,1,1,1,1,1,1,"$25,410 ","34,716",51200,405.9,29,52.23
"122","MI",123,"Western Michigan University","$25,713 ","18,567","Kalamazoo","49008-5200","https://wmich.edu/",42.282194,-85.613759,"0.8231","Public","City","1030",23598,0,1,1,1,1,1,1,1,1,1,1,1,"$25,713 ","18,567",41600,427.3,43,44.17
"123","MA",124,"Lesley University","$25,750 ","1,520","Cambridge","02138-2790","www.lesley.edu",42.38012,-71.117303,"0.6373","Private nonprofit","City","1064",40889,0,1,0,0,2,0,1,1,2,2,2,1,"$25,750 ","1,520",34800,391.4,16,57.42
"124","MI",125,"Central Michigan University","$23,670 ","20,498","Mount Pleasant","48859","https://www.cmich.edu",43.591203,-84.77525,"0.7156","Public","Town","1049",22778,0,1,0,1,1,1,1,1,2,2,2,1,"$23,670 ","20,498",38800,427.3,43,44.17
"125","LA",126,"Louisiana Tech University","$25,851 ","10,682","Ruston","71272","www.latech.edu",32.528297,-92.649963,"0.6319","Public","Town","1105",18954,1,1,1,1,1,1,1,1,1,1,2,1,"$25,851 ","10,682",42900,514.7,46,39.03
"126","SD",127,"South Dakota State University","$11,403 ","11,007","Brookings","57007-1898","https://www.sdstate.edu/",44.317485,-96.782139,"0.9076","Public","Town","1069",25761,1,1,1,1,2,1,1,1,1,2,1,1,"$11,403 ","11,007",43600,326.5,9,60.08
"127","ND",128,"University of North Dakota","$18,899 ","11,577","Grand Forks","58202-8193","und.edu",47.921654,-97.071738,"0.8369","Public","City","1090",19290,0,0,0,1,2,1,1,1,2,1,1,1,"$18,899 ","11,577",48400,265.1,3,67.95
"128","SD",129,"University of South Dakota","$11,688 ","7,435","Vermillion","57069-2390","WWW.USD.EDU",42.786019,-96.925283,"0.8813","Public","Town","1050",20806,0,0,0,1,1,0,1,1,1,1,1,1,"$11,688 ","7,435",41300,326.5,9,60.08
"129","NC",130,"East Carolina University","$22,904 ","23,039","Greenville","27858-4353","www.ecu.edu",35.607186,-77.368291,"0.7034","Public","City","1040",20567,0,0,1,2,2,1,1,1,1,1,2,1,"$22,904 ","23,039",38700,329.5,30,52.16
"130","MT",131,"Montana State University","$23,042 ","13,707","Bozeman","59717","www.montana.edu/",45.666726,-111.048812,"0.8287","Public","Town","1126",19441,1,2,1,1,2,1,1,2,1,1,1,1,"$23,042 ","13,707",41500,323.7,22,55.49
"131","VA",132,"Old Dominion University","$27,028 ","20,101","Norfolk","23529","www.odu.edu",36.886418,-76.30666,"0.8464","Public","City","1010",22806,0,0,0,2,2,2,1,1,2,2,2,1,"$27,028 ","20,101",42000,196.2,21,56.61
"132","OH",133,"Ashland University","$20,392 ","3,716","Ashland","44805","https://www.ashland.edu",40.861755,-82.321061,"0.7247","Private nonprofit","Town","1051",32390,0,1,0,1,1,0,1,1,1,1,2,1,"$20,392 ","3,716",37400,284.9,39,46.04
"133","TX",134,"Dallas Baptist University","$26,180 ","3,315","Dallas","75211-9299","https://www.dbu.edu",32.710017,-96.947006,"0.4311","Private nonprofit","City","1060",36371,0,1,0,1,1,0,1,1,2,2,2,2,"$26,180 ","3,315",43700,405.9,29,52.23
"134","IL",135,"Northern Illinois University","$23,799 ","15,027","Dekalb","60115-2828","www.niu.edu",41.933869,-88.766428,"0.5184","Public","Suburb","1030",28725,0,1,0,1,1,1,1,1,1,1,1,1,"$23,799 ","15,027",42400,370,25,52.6
"135","FL",136,"Nova Southeastern University","$27,660 ","4,641","Fort Lauderdale","33314-7796","www.nova.edu",26.079337,-80.24248,"0.5254","Private nonprofit","Suburb","1127",43351,0,1,0,1,2,1,1,0,1,1,2,1,"$27,660 ","4,641",49800,540.5,35,49.14
"136","IL",137,"Benedictine University","$32,170 ","3,347","Lisle","60532-0900","www.ben.edu",41.777569,-88.097307,"NULL","Private nonprofit","Suburb","NULL",38036,0,1,0,1,1,1,1,1,1,1,2,1,"$32,170 ","3,347",45600,370,25,52.6
"137","NC",138,"Gardner-Webb University","$29,850 ","2,615","Boiling Springs","28017-0997","www.gardner-webb.edu",35.24732,-81.668141,"0.5188","Private nonprofit","Town","987",41020,0,0,0,2,2,0,1,1,1,2,2,1,"$29,850 ","2,615",36100,329.5,30,52.16
"138","VA",139,"Shenandoah University","$31,322 ","2,010","Winchester","22601-5195","www.su.edu",39.166058,-78.158376,"0.8802","Private nonprofit","City","1009",44258,0,1,0,0,1,0,1,1,1,1,1,1,"$31,322 ","2,010",45800,196.2,21,56.61
"139","TN",140,"Tennessee Technological University","$24,800 ","9,801","Cookeville","38505-0001","www.tntech.edu",36.174659,-85.503957,"0.6721","Public","Town","1103",23109,1,1,0,1,2,1,1,1,1,1,1,1,"$24,800 ","9,801",39700,608.4,45,39.96
"140","MS",141,"University of Southern Mississippi","$16,094 ","11,840","Hattiesburg","39406-0001","www.usm.edu",31.32661,-89.331236,"0.6014","Public","City","1070",20469,0,0,1,1,2,1,1,1,1,1,2,1,"$16,094 ","11,840",36700,278.5,48,36.05
"141","UT",142,"Utah State University","$19,772 ","25,259","Logan","84322-1400","www.usu.edu",41.740748,-111.81391,"0.9025","Public","City","1087",18093,2,1,1,1,1,1,1,1,2,2,1,1,"$19,772 ","25,259",41200,215.6,1,71.02
