"","State","Rank","Name","Tuition.and.fees.x","City","Zip","URL","Latitude","Longitude","ADMrate","Ownership","Citytype","SAT","AvgCost","Major_agriculture","Major_NatureResource","Major_Architecture","Major_CS","Major_Edu","Major_Engineering","Major_Bio","Major_MathStat","Major_Psychology","Major_SocialScience","Major_Business","Major_History","Tuition.and.fees.y","Earn","CrimeRate","HappyRank","HappyScore"
"1","NJ",1,"Princeton University","$45,320 ","Princeton","08544-0070","www.princeton.edu",40.348732,-74.659365,"0.0652","Private nonprofit","Suburb","1493",61860,0,0,1,0,0,1,1,1,1,1,0,1,"$45,320 ","93200",261.2,20,56.82
"2","MA",2,"Harvard University","$47,074 ","Cambridge","02138","www.harvard.edu",42.374471,-71.118313,"0.054","Private nonprofit","City","1506",64400,0,1,0,1,0,2,2,1,1,2,0,2,"$47,074 ","112800",391.4,16,57.42
"3","IL",3,"University of Chicago","$52,491 ","Chicago","60637","WWW.UCHICAGO.EDU",41.787994,-87.599539,"0.0794","Private nonprofit","City","1508",70100,0,1,0,1,0,0,1,1,1,1,0,1,"$52,491 ","81700",370,25,52.6
"4","CT",4,"Yale University","$49,480 ","New Haven","06520","www.yale.edu",41.311158,-72.926688,"0.0632","Private nonprofit","City","1502",66445,0,1,1,1,0,1,1,1,1,1,0,1,"$49,480 ","100500",236.9,17,57.04
"5","CA",5,"Stanford University","$47,940 ","Stanford","94305","www.stanford.edu/",37.429434,-122.167359,"0.0481","Private nonprofit","Suburb","1476",64477,0,0,0,1,0,1,1,1,1,1,0,1,"$47,940 ","122100",396.1,10,59.96
"6","NY",6,"Columbia University in the City of New York","$55,056 ","New York","10027","www.columbia.edu",40.808286,-73.961885,"0.0683","Private nonprofit","City","1496",69021,0,1,1,1,1,1,1,1,1,1,1,1,"$55,056 ","92100",381.8,26,52.54
"7","MA",7,"Massachusetts Institute of Technology","$48,452 ","Cambridge","02139-4307","web.mit.edu/",42.360095,-71.092115,"0.0794","Private nonprofit","City","1519",63250,0,0,1,1,0,1,1,1,0,1,1,1,"$48,452 ","126500",391.4,16,57.42
"8","NC",8,"Duke University","$51,265 ","Durham","27708","WWW.DUKE.EDU",36.001135,-78.937624,"0.1083","Private nonprofit","City","1460",67005,0,1,0,1,1,1,1,1,1,1,0,1,"$51,265 ","98300",329.5,30,52.16
"9","PA",9,"University of Pennsylvania","$51,464 ","Philadelphia","19104-6303","www.upenn.edu",39.950929,-75.19391,"0.0944","Private nonprofit","City","1481",66800,0,1,1,1,0,1,1,1,1,1,1,1,"$51,464 ","106900",314.1,34,49.98
"10","MD",10,"Johns Hopkins University","$50,410 ","Baltimore","21218-2688","www.jhu.edu",39.328977,-76.621595,"0.1284","Private nonprofit","City","1476",65473,0,1,0,2,1,2,1,1,1,1,2,1,"$50,410 ","73700",446.1,23,55.14
"11","NH",11,"Dartmouth College","$51,438 ","Hanover","03755-3529","www.dartmouth.edu",43.704115,-72.289949,"0.1059","Private nonprofit","Town","1441",67044,0,1,0,1,0,1,1,1,1,1,0,1,"$51,438 ","85300",196.1,11,59.5
"12","CA",12,"California Institute of Technology","$47,577 ","Pasadena","91125","www.caltech.edu",34.137349,-118.125878,"0.0807","Private nonprofit","City","1555",63471,0,0,0,1,0,1,1,1,0,1,1,1,"$47,577 ","80500",396.1,10,59.96
"13","IL",13,"Northwestern University","$50,855 ","Evanston","60208","www.northwestern.edu",42.050356,-87.679858,"0.1066","Private nonprofit","City","1470",67887,0,1,1,1,1,1,1,1,1,1,1,1,"$50,855 ","73500",370,25,52.6
"14","RI",14,"Brown University","$51,367 ","Providence","02912","www.brown.edu",41.82617,-71.40385,"0.0931","Private nonprofit","City","1459",65380,0,1,0,1,1,1,1,1,1,1,1,1,"$51,367 ","68500",219.2,27,52.37
"15","NY",15,"Cornell University","$50,953 ","Ithaca","14853","www.cornell.edu",42.4472,-76.483084,"0.1409","Private nonprofit","City","1436",65464,1,1,1,1,1,1,1,1,1,1,1,1,"$50,953 ","81200",381.8,26,52.54
"16","TX",16,"Rice University","$43,918 ","Houston","77005-1827","www.rice.edu",29.717897,-95.402035,"0.1527","Private nonprofit","City","1490",58253,0,1,1,1,0,1,1,1,1,1,1,1,"$43,918 ","76800",405.9,29,52.23
"17","IN",17,"University of Notre Dame","$49,685 ","Notre Dame","46556","www.nd.edu",41.703058,-86.238959,"0.1873","Private nonprofit","Suburb","1474",64775,0,1,1,1,1,1,1,1,1,1,1,1,"$49,685 ","78700",365.3,40,45.94
"18","TN",18,"Vanderbilt University","$45,610 ","Nashville","37240","www.vanderbilt.edu",36.14659,-86.803369,"0.1075","Private nonprofit","City","1495",63532,0,0,0,1,1,1,1,1,1,1,0,1,"$45,610 ","69700",608.4,45,39.96
"19","MO",19,"Washington University in St Louis","$49,770 ","Saint Louis","63130-4899","www.wustl.edu",38.647929,-90.310604,"0.1653","Private nonprofit","Suburb","1472",67751,0,1,1,1,1,1,1,1,1,1,1,1,"$49,770 ","68900",442.9,42,44.58
"20","GA",20,"Emory University","$47,954 ","Atlanta","30322","www.emory.edu",33.790183,-84.325512,"0.2529","Private nonprofit","Suburb","1397",63058,0,1,0,1,1,1,1,1,1,1,1,1,"$47,954 ","71800",377.3,37,47.43
"21","DC",21,"Georgetown University","$50,547 ","Washington","20057-0001","www.georgetown.edu",38.908809,-77.073463,"0.1685","Private nonprofit","City","1422",66971,0,0,0,1,0,0,1,1,1,1,1,1,"$50,547 ","99400",1244.4,18,57.01
"22","CA",22,"University of California-Berkeley","$40,191 ","Berkeley","94720","www.berkeley.edu",37.871918,-122.260463,"0.1693","Public","City","1422",34924,0,1,1,1,0,1,1,1,1,1,1,1,"$40,191 ","62500",396.1,10,59.96
"23","CA",23,"University of Southern California","$52,217 ","Los Angeles","90089","www.usc.edu/",34.021281,-118.284169,"0.1662","Private nonprofit","City","1395",67064,0,1,1,1,1,1,1,1,1,1,1,1,"$52,217 ","74300",396.1,10,59.96
"24","PA",24,"Carnegie Mellon University","$52,040 ","Pittsburgh","15213-3890","www.cmu.edu/",40.44357,-79.941993,"0.2171","Private nonprofit","City","1458",65877,0,1,1,1,1,1,1,1,1,1,1,1,"$52,040 ","87400",314.1,34,49.98
"25","CA",25,"University of California-Los Angeles","$39,518 ","Los Angeles","90095-1405","www.ucla.edu/",34.068892,-118.443901,"0.1799","Public","City","1334",33078,0,1,1,1,0,1,1,1,1,1,1,1,"$39,518 ","58800",396.1,10,59.96
"26","VA",26,"The University of Virginia's College at Wise","$45,066 ","Wise","24293-4400","https://www.uvawise.edu/",36.971468,-82.558728,"0.7771","Public","Town","963",21138,0,0,0,1,0,1,0,1,0,1,1,1,"$45,066 ","37400",196.2,21,56.61
"27","MA",27,"Tufts University","$52,430 ","Medford","02155-5555","www.tufts.edu",42.408465,-71.120316,"0.1429","Private nonprofit","Suburb","1445",65814,0,1,1,1,0,1,1,1,1,1,0,1,"$52,430 ","82900",391.4,16,57.42
"28","NC",28,"Wake Forest University","$49,308 ","Winston-Salem","27106","www.wfu.edu",36.133609,-80.277446,"0.3034","Private nonprofit","City","NULL",64442,0,0,0,1,1,1,1,1,1,1,1,1,"$49,308 ","62900",329.5,30,52.16
"29","MI",29,"University of Michigan-Ann Arbor","$43,476 ","Ann Arbor","48109","www.umich.edu",42.275921,-83.742769,"0.2859","Public","City","1386",27725,0,1,1,1,1,1,1,1,1,1,1,1,"$43,476 ","65800",427.3,43,44.17
"30","NC",30,"University of North Carolina at Chapel Hill","$33,916 ","Chapel Hill","27599","www.unc.edu",35.911769,-79.050969,"0.2694","Public","City","1338",24327,0,1,0,1,1,1,1,1,1,1,1,1,"$33,916 ","58200",329.5,30,52.16
"31","MA",31,"Boston College","$51,296 ","Chestnut Hill","02467","www.bc.edu",42.336213,-71.169242,"0.3114","Private nonprofit","City","1378",65595,0,1,0,1,1,0,1,1,1,1,1,1,"$51,296 ","77600",391.4,16,57.42
"32","NY",32,"University of Rochester","$50,142 ","Rochester","14627-0011","www.rochester.edu",43.126397,-77.631202,"0.3553","Private nonprofit","City","NULL",65364,0,1,0,1,1,1,1,1,1,1,1,1,"$50,142 ","61200",381.8,26,52.54
"33","VA",33,"College of William and Mary","$41,718 ","Williamsburg","23187-8795","www.wm.edu",37.269489,-76.708214,"0.3652","Public","Suburb","1360",33630,0,0,0,1,0,0,1,1,1,1,1,1,"$41,718 ","59300",196.2,21,56.61
"34","MA",34,"Brandeis University","$51,570 ","Waltham","02454-9110","www.brandeis.edu/",42.364947,-71.254716,"0.3344","Private nonprofit","City","1377",65954,0,1,0,1,1,0,1,1,1,1,1,1,"$51,570 ","53300",391.4,16,57.42
"35","CA",35,"California Institute of Technology","$32,404 ","Pasadena","91125","www.caltech.edu",34.137349,-118.125878,"0.0807","Private nonprofit","City","1555",63471,0,0,0,1,0,1,1,1,0,1,1,1,"$32,404 ","80500",396.1,10,59.96
"36","NY",36,"New York University","$49,062 ","New York","10012-1091","www.nyu.edu",40.729452,-73.997264,"0.3187","Private nonprofit","City","1371",67637,0,0,0,1,1,2,1,1,1,2,2,1,"$49,062 ","62800",381.8,26,52.54
"37","OH",37,"Case Western Reserve University","$46,006 ","Cleveland","44106","www.case.edu",41.507419,-81.609596,"0.3544","Private nonprofit","City","1408",61371,0,1,1,1,1,1,1,1,1,1,1,1,"$46,006 ","74200",284.9,39,46.04
"38","CA",38,"University of California-Santa Barbara","$40,704 ","Santa Barbara","93106","www.ucsb.edu",34.416297,-119.846426,"0.3577","Public","Suburb","1281",34998,0,1,0,1,0,1,1,1,1,1,1,1,"$40,704 ","49600",396.1,10,59.96
"39","MA",39,"Boston University","$50,240 ","Boston","02215","www.bu.edu",42.351118,-71.107942,"0.2943","Private nonprofit","City","1328",65809,0,0,1,1,1,1,1,1,1,1,1,1,"$50,240 ","59800",391.4,16,57.42
"40","MA",40,"Northeastern University","$47,655 ","Boston","02115-5005","www.northeastern.edu",42.339992,-71.088782,"0.2888","Private nonprofit","City","1434",62789,0,1,1,1,0,1,1,1,1,1,1,1,"$47,655 ","61900",391.4,16,57.42
"41","NY",41,"Rensselaer Polytechnic Institute","$50,797 ","Troy","12180-3590","www.rpi.edu",42.729978,-73.676646,"0.4435","Private nonprofit","City","1365",66172,0,1,1,1,0,1,1,1,1,1,1,0,"$50,797 ","71400",381.8,26,52.54
"42","LA",42,"Tulane University of Louisiana","$51,010 ","New Orleans","70118-5698","tulane.edu",29.940069,-90.122144,"0.255","Private nonprofit","City","1346",64926,0,1,1,1,1,1,1,1,1,1,1,1,"$51,010 ","67600",514.7,46,39.03
"43","CA",43,"University of California-Irvine","$39,458 ","Irvine","92697","www.uci.edu/",33.648434,-117.841248,"0.4065","Public","City","1206",31198,0,1,1,1,1,1,1,1,1,1,1,1,"$39,458 ","51500",396.1,10,59.96
"44","PA",44,"Lehigh University","$48,320 ","Bethlehem","18015","www.lehigh.edu",40.606822,-75.380236,"0.2611","Private nonprofit","City","1340",60391,0,1,1,1,0,1,1,1,1,1,1,1,"$48,320 ","75600",314.1,34,49.98
"45","FL",45,"University of Miami","$47,004 ","Coral Gables","33146","www.miami.edu/",25.72126,-80.278662,"0.3771","Private nonprofit","Suburb","1323",59833,0,1,1,1,1,1,1,1,1,1,1,1,"$47,004 ","60400",540.5,35,49.14
"46","CA",46,"University of California-Hastings College of Law","$40,728 ","San Francisco","94102-4978","www.uchastings.edu",37.781137,-122.4157,"NULL","Public","City","NULL",NA,0,0,0,0,0,0,0,0,0,0,0,0,"$40,728 ","118500",396.1,10,59.96
"47","CA",47,"University of California-San Diego","$41,387 ","La Jolla","92093","www.ucsd.edu",32.876598,-117.237793,"0.3566","Public","City","1324",31043,0,1,0,1,1,1,1,1,1,1,1,1,"$41,387 ","55200",396.1,10,59.96
"48","IL",48,"University of Illinois at Urbana-Champaign","$31,320 ","Champaign","61820-5711","www.illinois.edu/",40.104718,-88.229114,"0.6007","Public","City","1320",29764,1,1,1,1,1,1,1,1,1,1,1,1,"$31,320 ","58100",370,25,52.6
"49","WI",49,"University of Wisconsin-Madison","$32,738 ","Madison","53706-1380","www.wisc.edu",43.075409,-89.404098,"0.5262","Public","City","1302",24594,1,1,1,1,1,1,1,1,1,1,1,1,"$32,738 ","57600",290.3,15,57.8
"50","CA",50,"Pepperdine University","$50,022 ","Malibu","90263","www.pepperdine.edu/",34.037786,-118.707077,"0.3687","Private nonprofit","Suburb","1251",66152,0,0,0,1,1,0,1,1,1,1,2,1,"$50,022 ","67300",396.1,10,59.96
"51","FL",51,"University of Florida","$28,666 ","Gainesville","32611","www.ufl.edu/",29.64629,-82.347911,"0.4594","Public","City","1287",20571,1,1,1,2,1,1,2,1,2,2,1,1,"$28,666 ","54300",540.5,35,49.14
"52","PA",52,"Villanova University","$49,280 ","Villanova","19085-1699","www.villanova.edu",40.039388,-75.345457,"0.435","Private nonprofit","Suburb","1350",62583,0,1,0,1,1,1,1,1,1,1,2,1,"$49,280 ","70700",314.1,34,49.98
"53","WA",53,"University of Washington-Seattle Campus","$34,791 ","Seattle","98195-4550","www.washington.edu",47.65538,-122.30514,"0.4535","Public","City","1266",25520,1,1,1,1,2,1,1,1,1,2,1,1,"$34,791 ","57200",285.2,12,59.26
"54","DC",54,"George Washington University","$51,950 ","Washington","20052","www.gwu.edu",38.89923,-77.048363,"0.4021","Private nonprofit","City","1301",65218,0,1,0,2,0,1,1,1,1,1,1,1,"$51,950 ","70000",1244.4,18,57.01
"55","TX",55,"Southern Methodist University","$50,358 ","Dallas","75275-0221","www.smu.edu",32.845254,-96.784855,"0.4892","Private nonprofit","Suburb","1330",66889,0,1,0,1,1,1,1,1,1,1,1,1,"$50,358 ","62600",405.9,29,52.23
"56","GA",56,"University of Georgia","$29,844 ","Athens","30602","www.uga.edu",33.956262,-83.374039,"0.539","Public","City","1262",24991,1,1,1,1,2,1,1,1,1,1,2,1,"$29,844 ","48500",377.3,37,47.43
"57","NY",57,"Fordham University","$47,317 ","Bronx","10458","www.fordham.edu",40.859354,-73.882705,"0.4522","Private nonprofit","City","1281",63109,0,1,0,1,1,1,1,1,1,1,1,1,"$47,317 ","53400",381.8,26,52.54
"58","NY",58,"Syracuse University","$45,022 ","Syracuse","13244","https://www.syracuse.edu",43.040176,-76.136975,"0.5232","Private nonprofit","City","1204",61070,0,0,1,1,1,1,1,1,1,1,1,1,"$45,022 ","55000",381.8,26,52.54
"59","CT",59,"University of Connecticut","$35,858 ","Storrs","06269","uconn.edu/",41.809098,-72.249948,"0.488","Public","Suburb","1248",29128,1,1,1,1,1,1,1,1,1,1,1,1,"$35,858 ","55200",236.9,17,57.04
"60","MA",60,"Worcester Polytechnic Institute","$46,994 ","Worcester","01609-2280","https://www.wpi.edu/",42.274853,-71.808339,"0.4844","Private nonprofit","City","NULL",60878,0,0,0,1,0,1,1,1,1,1,1,0,"$46,994 ","72900",391.4,16,57.42
"61","MD",61,"University of Maryland-College Park","$32,045 ","College Park","20742","www.umd.edu",38.988178,-76.944721,"0.4806","Public","Suburb","1337",24041,1,1,1,1,1,1,1,1,1,1,1,1,"$32,045 ","57500",446.1,23,55.14
"62","SC",62,"Clemson University","$32,796 ","Clemson","29634","www.clemson.edu",34.679381,-82.835114,"0.5054","Public","Suburb","1269",27722,1,1,1,1,1,2,1,1,1,1,1,1,"$32,796 ","48700",497.7,38,47.06
"63","NY",63,"Yeshiva University","$40,670 ","New York","10033-3299","www.yu.edu",40.850605,-73.929873,"0.5075","Private nonprofit","City","1217",57355,0,0,0,1,1,1,1,1,1,1,1,1,"$40,670 ","65500",381.8,26,52.54
"64","UT",64,"Brigham Young University-Provo","$5,300 ","Provo","84602","www.byu.edu",40.250851,-111.649281,"0.5118","Private nonprofit","City","1293",17395,1,0,0,1,1,1,1,1,1,1,1,1,"$5,300 ","54900",215.6,1,71.02
"65","PA",65,"University of Pittsburgh-Bradford","$29,758 ","Bradford","16701","www.upb.pitt.edu/",41.943415,-78.673701,"0.526","Public","Town","982",25788,0,0,0,1,1,1,1,1,1,1,1,0,"$29,758 ","51500",314.1,34,49.98
"66","NJ",66,"Rutgers University-New Brunswick","$30,023 ","New Brunswick","08901-1281","newbrunswick.rutgers.edu/",40.498769,-74.446251,"0.5694","Public","City","1230",29388,1,1,1,2,0,1,1,1,2,2,2,1,"$30,023 ","54700",261.2,20,56.82
"67","TX",67,"Baylor University","$42,006 ","Waco","76798","www.baylor.edu",31.54896,-97.117641,"0.3972","Private nonprofit","City","1246",56701,0,1,0,1,1,1,1,1,1,1,1,1,"$42,006 ","48000",405.9,29,52.23
"68","NJ",68,"Stevens Institute of Technology","$48,838 ","Hoboken","07030-5991","www.stevens.edu",40.744776,-74.025334,"0.3911","Private nonprofit","Suburb","1360",62100,0,0,0,1,0,1,1,1,0,1,1,0,"$48,838 ","73900",261.2,20,56.82
"69","MN",69,"University of Minnesota-Twin Cities","$22,210 ","Minneapolis","55455-0213","https://twin-cities.umn.edu",44.972851,-93.235464,"0.4441","Public","City","1288",25370,1,1,1,2,2,2,1,1,1,1,2,1,"$22,210 ","49900",229.1,2,69.09
"70","DC",70,"American University","$44,853 ","Washington","20016-8001","WWW.AMERICAN.EDU",38.936005,-77.088875,"0.2591","Private nonprofit","City","1262",60501,0,1,0,1,1,0,1,1,1,1,1,1,"$44,853 ","55200",1244.4,18,57.01
"71","MA",71,"Clark University","$43,150 ","Worcester","01610-1477","www.clarku.edu",42.249987,-71.823356,"0.5473","Private nonprofit","City","NULL",51609,0,1,0,1,0,0,1,1,1,1,1,1,"$43,150 ","43400",391.4,16,57.42
"72","TX",72,"Texas A & M University-College Station","$28,768 ","College Station","77843-1248","www.tamu.edu",30.618726,-96.336475,"0.6717","Public","City","1205",24682,1,1,1,1,0,1,1,1,1,1,1,1,"$28,768 ","56400",405.9,29,52.23
"73","MA",73,"University of Massachusetts-Amherst","$30,123 ","Amherst","01003","www.umass.edu",42.385999,-72.526728,"0.5968","Public","Suburb","1234",28000,1,1,1,1,1,1,1,1,1,1,2,1,"$30,123 ","46600",391.4,16,57.42
"74","VA",74,"Bryant & Stratton College-Virginia Beach","$29,371 ","Virginia Beach","23462","www.bryantstratton.edu",36.827826,-76.13819,"NULL","Private for-profit","City","NULL",22519,0,0,0,0,0,0,0,0,0,0,1,0,"$29,371 ","23600",196.2,21,56.61
"75","DE",75,"University of Delaware","$31,420 ","Newark","19716","www.udel.edu/",39.679577,-75.752822,"0.695","Public","Suburb","1170",24557,2,1,1,1,1,1,1,1,1,1,1,1,"$31,420 ","53100",489.1,19,57.01
"76","OH",76,"Miami University-Oxford","$31,592 ","Oxford","45056","miamioh.edu",39.507757,-84.732954,"0.6538","Public","Town","1276",29413,0,1,1,1,1,1,1,1,1,1,1,1,"$31,592 ","45400",284.9,39,46.04
"77","CA",77,"University of California-Santa Cruz","$40,241 ","Santa Cruz","95064-1011","www.ucsc.edu/",36.995584,-122.058801,"0.5785","Public","City","1201",34608,1,1,0,1,1,1,1,1,1,1,1,1,"$40,241 ","42400",396.1,10,59.96
"78","CO",78,"Colorado School of Mines","$34,828 ","Golden","80401","www.mines.edu",39.751443,-105.223364,"0.4035","Public","Suburb","1354",31226,0,0,0,1,0,1,0,1,0,1,0,0,"$34,828 ","80900",309.1,5,61.59
"79","MI",79,"Michigan State University","$39,090 ","East Lansing","48824-1046","https://www.msu.edu",42.73212,-84.476111,"0.6574","Public","City","1194",25809,1,1,1,1,1,1,1,1,1,1,1,1,"$39,090 ","51700",427.3,43,44.17
"80","TX",80,"Texas Christian University","$42,670 ","Fort Worth","76129","www.tcu.edu/",32.709568,-97.361537,"0.3758","Private nonprofit","City","1223",58040,1,1,0,1,1,1,1,1,1,1,1,1,"$42,670 ","51700",405.9,29,52.23
"81","IA",81,"University of Iowa","$28,413 ","Iowa City","52242-1316","www.uiowa.edu",41.661935,-91.536425,"0.8411","Public","City","1165",21010,0,1,0,1,1,1,1,1,1,1,2,1,"$28,413 ","51500",273.5,7,60.92
"82","WI",82,"Marquette University","$38,470 ","Milwaukee","53233","www.marquette.edu",43.03903,-87.927961,"0.8434","Private nonprofit","City","1199",51316,0,1,0,1,1,1,1,1,1,1,1,1,"$38,470 ","59500",290.3,15,57.8
"83","CO",83,"University of Denver","$46,362 ","Denver","80208","www.du.edu",39.678005,-104.963259,"0.5347","Private nonprofit","City","1262",59656,0,2,0,1,0,1,1,1,1,2,2,1,"$46,362 ","53000",309.1,5,61.59
"84","CA",84,"University of San Diego","$46,140 ","San Diego","92110-2492","www.sandiego.edu",32.77142,-117.188721,"0.5138","Private nonprofit","City","1237",61004,0,1,1,1,0,1,1,1,1,1,1,1,"$46,140 ","60400",396.1,10,59.96
"85","OK",85,"University of Tulsa","$38,796 ","Tulsa","74104-3189","https://utulsa.edu",36.152324,-95.945941,"0.3696","Private nonprofit","City","1308",53667,0,1,0,1,1,1,1,1,1,1,1,1,"$38,796 ","50000",406,44,41.36
"86","IN",86,"Indiana University-Bloomington","$34,246 ","Bloomington","47405-7000","www.iub.edu",39.16609,-86.526559,"0.7872","Public","City","1200",24432,0,1,0,1,1,0,1,1,1,1,2,1,"$34,246 ","48300",365.3,40,45.94
"87","FL",87,"Florida State University","$24,673 ","Tallahassee","32306-1037","www.fsu.edu",30.440756,-84.291921,"0.5801","Public","City","1214",21938,0,1,0,1,1,1,1,1,1,1,1,1,"$24,673 ","44700",540.5,35,49.14
"88","VT",88,"University of Vermont","$40,364 ","Burlington","05405-0160","www.uvm.edu",44.477325,-73.196646,"0.6894","Public","City","1216",30573,1,2,0,1,1,1,1,1,1,1,1,1,"$40,364 ","44500",99.3,14,58.01
"89","NC",89,"North Carolina State University at Raleigh","$26,399 ","Raleigh","27695-7001","www.ncsu.edu",35.785111,-78.674517,"0.4751","Public","City","1273",22226,1,1,1,1,1,1,1,1,1,1,1,1,"$26,399 ","49200",329.5,30,52.16
"90","CO",90,"University of Colorado Boulder","$35,079 ","Boulder","80309-0017","www.colorado.edu",40.008781,-105.270823,"0.7662","Public","City","1229",31393,0,1,1,1,1,1,1,1,1,1,1,1,"$35,079 ","47000",309.1,5,61.59
"91","PA",91,"Drexel University","$51,030 ","Philadelphia","19104","www.drexel.edu",39.955217,-75.190051,"0.7465","Private nonprofit","City","1204",67821,0,1,1,1,1,1,1,1,1,1,1,1,"$51,030 ","62900",314.1,34,49.98
"92","MO",92,"Saint Louis University","$40,726 ","Saint Louis","63103-2097","www.slu.edu",38.636801,-90.2351,"0.6474","Private nonprofit","City","1259",54698,0,1,0,1,1,1,1,1,1,1,2,1,"$40,726 ","53700",442.9,42,44.58
"93","AL",93,"Auburn University","$28,840 ","Auburn","36849","www.auburn.edu",32.599378,-85.488258,"0.8054","Public","City","1217",29794,1,1,1,1,1,1,1,1,1,1,1,1,"$28,840 ","46800",427.4,50,34.15
"94","IL",94,"Loyola University Chicago","$41,384 ","Chicago","60660","www.luc.edu",42.000765,-87.656872,"0.7257","Private nonprofit","City","1195",54324,0,1,0,2,1,1,1,1,2,1,2,1,"$41,384 ","51800",370,25,52.6
"95","NY",95,"SUNY College of Environmental Science and Forestry","$17,620 ","Syracuse","13210","www.esf.edu",43.034765,-76.138724,"0.5421","Public","City","1157",24430,0,1,1,0,0,1,1,0,0,0,1,0,"$17,620 ","42100",381.8,26,52.54
"96","IL",96,"Illinois Institute of Technology","$45,214 ","Chicago","60616","web.iit.edu/",41.8313,-87.627321,"0.571","Private nonprofit","City","1275",57277,0,0,1,1,0,1,1,1,1,1,1,0,"$45,214 ","66500",370,25,52.6
"97","OR",97,"University of Oregon","$33,442 ","Eugene","97403","www.uoregon.edu",44.045146,-123.075792,"0.7787","Public","City","1111",24209,0,1,1,1,1,0,1,1,1,1,1,1,"$33,442 ","42300",232.3,32,51.4
"98","AL",98,"University of Alabama at Birmingham","$26,950 ","Birmingham","35294-0110","www.uab.edu",33.505697,-86.799345,"0.5814","Public","City","1125",22684,0,0,0,1,1,1,1,1,1,1,2,1,"$26,950 ","42000",427.4,50,34.15
"99","TN",99,"The University of Tennessee-Chattanooga","$30,858 ","Chattanooga","37403-2598","www.utc.edu",35.048247,-85.299812,"0.7826","Public","City","1088",21495,0,1,0,1,1,1,1,1,1,1,1,1,"$30,858 ","35900",608.4,45,39.96
"100","NY",100,"Rochester Institute of Technology","$38,568 ","Rochester","14623-5603","www.rit.edu/",43.084188,-77.67386,"0.5493","Private nonprofit","Suburb","1254",50713,0,1,0,1,0,1,1,1,1,1,1,0,"$38,568 ","56100",381.8,26,52.54
"101","CA",101,"University of San Francisco","$44,494 ","San Francisco","94117-1080","https://www.usfca.edu",37.775564,-122.450977,"0.7137","Private nonprofit","City","1150",61072,0,1,1,1,0,0,1,1,1,1,1,1,"$44,494 ","62200",396.1,10,59.96
"102","NH",102,"University of New Hampshire-School of Law","$31,424 ","Concord","03301-4197","https://law.unh.edu",43.207371,-71.545152,"NULL","Public","Town","NULL",NA,0,0,0,0,0,0,0,0,0,0,0,0,"$31,424 ","97700",196.1,11,59.5
"103","NC",103,"University of North Carolina at Asheville","$31,282 ","Asheville","28804-8510","https://www.unca.edu",35.617068,-82.565392,"0.7593","Public","City","1155",18424,0,1,0,1,0,1,1,1,1,1,1,1,"$31,282 ","32200",329.5,30,52.16
"104","IA",104,"Iowa State University","$21,483 ","Ames","50011-2103","www.iastate.edu",42.026212,-93.648504,"0.8749","Public","City","1144",19182,1,1,1,1,1,1,1,1,1,1,1,1,"$21,483 ","47600",273.5,7,60.92
"105","OH",105,"University of Dayton","$40,940 ","Dayton","45469","https://www.udayton.edu",39.739547,-84.176113,"0.6035","Private nonprofit","City","1185",53530,0,1,0,1,1,1,1,1,1,1,1,1,"$40,940 ","50200",284.9,39,46.04
"106","CA",106,"University of the Pacific","$44,588 ","Stockton","95211-0197","www.pacific.edu",37.981424,-121.312301,"0.6599","Private nonprofit","City","1180",56899,0,1,0,1,1,1,1,1,1,1,1,1,"$44,588 ","74300",396.1,10,59.96
"107","UT",107,"University of Utah","$27,039 ","Salt Lake City","84112-9008","www.utah.edu",40.762484,-111.846044,"0.7642","Public","City","1116",18444,0,1,1,1,1,1,1,1,1,1,1,1,"$27,039 ","51800",215.6,1,71.02
"108","MS",108,"University of Mississippi","$25,892 ","University","38677-1848","www.olemiss.edu",34.365529,-89.537434,"0.783","Public","Town","1155",23372,0,0,0,1,2,1,1,1,1,1,1,1,"$25,892 ","48000",278.5,48,36.05
"109","NE",109,"University of Nebraska-Lincoln","$23,148 ","Lincoln","68588","www.unl.edu/",40.817598,-96.700508,"0.7527","Public","City","1144",22535,2,1,1,1,1,1,1,1,1,1,1,1,"$23,148 ","44300",280.4,8,60.65
"110","OK",110,"University of Oklahoma-Health Sciences Center","$21,451 ","Oklahoma City","73117-1221","ouhsc.edu",35.47928,-97.496289,"NULL","Public","City","NULL",NA,0,0,0,0,0,0,0,0,0,0,0,0,"$21,451 ","52000",406,44,41.36
"111","MI",111,"Michigan Technological University","$30,968 ","Houghton","49931-1295","www.mtu.edu",47.11866,-88.548092,"0.7644","Public","Town","1242",26587,0,1,0,1,0,1,1,1,1,1,1,1,"$30,968 ","56800",427.3,43,44.17
"112","NJ",112,"Seton Hall University","$39,258 ","South Orange","07079-2697","www.shu.edu/",40.742336,-74.246027,"0.669","Private nonprofit","Suburb","1156",51395,0,1,0,1,1,0,1,1,1,1,2,1,"$39,258 ","53400",261.2,20,56.82
"113","PA",113,"Temple University","$25,994 ","Philadelphia","19122-6096","www.temple.edu",39.980546,-75.156859,"0.5219","Public","City","NULL",30166,1,1,1,1,1,1,1,1,1,1,2,1,"$25,994 ","49700",314.1,34,49.98
"114","KS",114,"University of Kansas","$25,932 ","Lawrence","66045","www.ku.edu",38.958549,-95.247567,"0.9301","Public","City","1185",23687,0,1,1,1,1,1,1,1,2,1,1,1,"$25,932 ","48900",348.6,24,54.55
"115","CA",115,"University of California-Riverside","$40,263 ","Riverside","92521","WWW.UCR.EDU",33.97246,-117.32741,"0.6634","Public","City","1078",31494,0,1,0,1,0,1,1,1,1,1,1,1,"$40,263 ","43500",396.1,10,59.96
"116","MN",116,"University of St Thomas","$39,594 ","Saint Paul","55105-1078","www.stthomas.edu",44.943439,-93.188986,"0.8266","Private nonprofit","City","1204",50515,0,1,0,1,1,1,1,1,1,1,1,1,"$39,594 ","50800",229.1,2,69.09
"117","MN",116,"University of St Thomas","$39,594 ","Saint Paul","55105-1078","www.stthomas.edu",44.943439,-93.188986,"0.8266","Private nonprofit","City","1204",50515,0,1,0,1,1,1,1,1,1,1,1,1,"$39,594 ","49600",229.1,2,69.09
"118","TX",116,"University of St Thomas","$39,594 ","Houston","77006-4696","www.stthom.edu",29.736438,-95.393102,"0.7739","Private nonprofit","City","1085",41141,0,1,0,1,0,0,1,1,1,1,1,1,"$39,594 ","49600",405.9,29,52.23
"119","TX",116,"University of St Thomas","$39,594 ","Houston","77006-4696","www.stthom.edu",29.736438,-95.393102,"0.7739","Private nonprofit","City","1085",41141,0,1,0,1,0,0,1,1,1,1,1,1,"$39,594 ","50800",405.9,29,52.23
"120","IL",117,"DePaul University","$37,626 ","Chicago","60604","https://www.depaul.edu",41.877618,-87.62724,"0.6975","Private nonprofit","City","NULL",50997,0,1,1,2,1,0,1,1,1,1,1,1,"$37,626 ","49700",370,25,52.6
"121","PA",118,"Duquesne University","$35,062 ","Pittsburgh","15282","www.duq.edu",40.43589,-79.993123,"0.7394","Private nonprofit","City","1165",48219,0,1,0,2,1,0,1,1,1,1,2,1,"$35,062 ","60300",314.1,34,49.98
"122","DC",119,"Howard University","$24,908 ","Washington","20059-0001","www.howard.edu",38.922392,-77.018966,"0.3","Private nonprofit","City","1142",43116,0,0,1,1,1,1,1,1,1,1,1,1,"$24,908 ","46000",1244.4,18,57.01
"123","AZ",120,"University of Arizona","$30,025 ","Tucson","85721-0066","www.arizona.edu",32.232672,-110.950815,"0.7862","Public","City","NULL",24633,1,1,2,2,2,1,1,1,2,1,2,2,"$30,025 ","46200",399.9,31,51.51
"124","DC",121,"Catholic University of America","$42,536 ","Washington","20064","https://www.catholic.edu",38.933651,-76.997909,"0.7955","Private nonprofit","City","NULL",57561,0,0,1,1,1,1,1,1,1,1,1,1,"$42,536 ","51100",1244.4,18,57.01
"125","NY",122,"Clarkson University","$46,132 ","Potsdam","13699","www.clarkson.edu",44.662716,-74.999359,"0.6821","Private nonprofit","Town","1190",61992,0,1,0,1,0,1,1,1,1,1,1,1,"$46,132 ","61900",381.8,26,52.54
"126","AZ",123,"Arizona State University-Tempe","$25,458 ","Tempe","85287","www.asu.edu/",33.417721,-111.934383,"0.825","Public","City","1147",23931,0,1,1,1,1,1,1,1,1,1,1,1,"$25,458 ","46600",399.9,31,51.51
"127","CO",124,"Colorado State University-Fort Collins","$28,374 ","Fort Collins","80523-0100","www.colostate.edu",40.574805,-105.080732,"0.7796","Public","City","1159",24885,2,1,1,1,1,1,1,1,2,2,1,1,"$28,374 ","43600",309.1,5,61.59
"128","AR",125,"Imagine-Paul Mitchell Partner School","$45,535 ","North Little Rock","72117","paulmitchell.edu/littlerock",34.789913,-92.222202,"NULL","Private for-profit","City","NULL",NA,0,0,0,0,0,0,0,0,0,0,0,0,"$45,535 ","PrivacySuppressed",480.1,47,38.22
"129","NY",126,"Hofstra University","$42,160 ","Hempstead","11549","www.hofstra.edu",40.715959,-73.60078,"0.6222","Private nonprofit","Suburb","1177",55322,0,1,0,1,1,1,1,1,1,1,1,1,"$42,160 ","49500",381.8,26,52.54
"130","KY",127,"University of Kentucky","$26,334 ","Lexington","40506-0032","www.uky.edu",38.038911,-84.504747,"0.9079","Public","City","1159",26143,1,1,1,1,1,1,1,1,1,1,1,1,"$26,334 ","46400",211.6,49,35.08
"131","KS",128,"Kansas State University","$23,429 ","Manhattan","66506","www.k-state.edu",39.188648,-96.581077,"0.9407","Public","City","NULL",21989,1,1,1,1,1,1,1,1,1,1,2,1,"$23,429 ","43500",348.6,24,54.55
"132","GA",129,"Mercer University","$35,130 ","Macon","31207","www.mercer.edu",32.831787,-83.648295,"0.6935","Private nonprofit","City","1211",48766,0,1,0,1,1,1,1,1,2,1,1,1,"$35,130 ","52200",377.3,37,47.43
"133","NJ",130,"New Jersey Institute of Technology","$30,326 ","Newark","07102","www.njit.edu/",40.741997,-74.177113,"0.593","Public","City","1204",29143,0,1,1,1,0,1,1,1,0,0,1,1,"$30,326 ","59200",261.2,20,56.82
"134","AR",131,"University of Arkansas","$23,168 ","Fayetteville","72701","www.uark.edu",36.070009,-94.176981,"0.632","Public","City","1170",21817,1,1,1,1,1,1,1,1,1,1,2,1,"$23,168 ","44500",480.1,47,38.22
"135","MS",132,"University of Mississippi","$22,012 ","University","38677-1848","www.olemiss.edu",34.365529,-89.537434,"0.783","Public","Town","1155",23372,0,0,0,1,2,1,1,1,1,1,1,1,"$22,012 ","48000",278.5,48,36.05
"136","NJ",133,"Rutgers University-Newark","$29,480 ","Newark","07102","www.newark.rutgers.edu/",40.739122,-74.175809,"0.6531","Public","City","1005",23299,0,1,0,1,0,1,1,1,2,2,2,1,"$29,480 ","54700",261.2,20,56.82
"137","OH",134,"University of Cincinnati-Main Campus","$26,334 ","Cincinnati","45221-0063","www.uc.edu",39.131159,-84.51428,"0.7642","Public","City","1164",26683,1,1,1,1,2,1,1,1,1,1,1,1,"$26,334 ","42100",284.9,39,46.04
"138","VA",135,"George Mason University","$32,582 ","Fairfax","22030-4444","https://www2.gmu.edu/",38.829976,-77.307428,"0.8099","Public","Suburb","1165",24347,0,1,0,2,1,1,1,1,1,1,1,1,"$32,582 ","55400",196.2,21,56.61
"139","OR",136,"Oregon State University","$28,846 ","Corvallis","97331","oregonstate.edu",44.56395,-123.274723,"0.7748","Public","City","1127",26189,2,2,0,2,1,1,1,1,2,2,1,2,"$28,846 ","47000",232.3,32,51.4
"140","WA",137,"Washington State University","$25,673 ","Pullman","99164-5910","wsu.edu/",46.730448,-117.158168,"0.7204","Public","Town","1054",26441,1,1,1,1,1,2,1,1,2,2,2,1,"$25,673 ","48300",285.2,12,59.26
"141","NY",138,"Adelphi University","$34,034 ","Garden City","11530-0701","www.adelphi.edu/",40.721439,-73.653321,"0.7029","Private nonprofit","Suburb","1114",47647,0,1,0,1,1,0,1,1,1,1,1,1,"$34,034 ","53700",381.8,26,52.54
"142","CA",139,"San Diego State University","$18,244 ","San Diego","92182","www.sdsu.edu",32.77525,-117.071228,"0.3464","Public","City","1132",22056,0,1,0,1,1,1,1,1,1,1,1,1,"$18,244 ","46400",396.1,10,59.96
"143","CA",140,"Sofia University","$21,208 ","Palo Alto","94303","www.sofia.edu",37.430325,-122.10866,"NULL","Private for-profit","City","NULL",NA,0,0,0,0,0,0,0,0,2,0,0,0,"$21,208 ","NULL",396.1,10,59.96
"144","NY",141,"Saint John Fisher College","$31,880 ","Rochester","14618-3597","https://www.sjfc.edu",43.116259,-77.513056,"0.6454","Private nonprofit","Suburb","1078",43779,0,0,0,1,1,0,1,1,1,1,1,1,"$31,880 ","43900",381.8,26,52.54
"145","IL",142,"Illinois State University","$20,886 ","Normal","61790-1000","illinoisstate.edu/",40.509403,-88.990058,"0.8888","Public","Suburb","1090",27421,1,0,0,1,1,0,1,1,1,1,1,1,"$20,886 ","43700",370,25,52.6
"146","PA",143,"Immaculata University","$35,210 ","Immaculata","19345","www.immaculata.edu",40.027981,-75.570711,"0.8189","Private nonprofit","Suburb","970",50339,0,0,0,2,1,0,1,1,1,1,2,1,"$35,210 ","49500",314.1,34,49.98
"147","CA",144,"University of La Verne","$39,900 ","La Verne","91750-4401","www.laverne.edu/",34.10086,-117.772634,"0.4806","Private nonprofit","Suburb","1040",50603,0,1,0,1,1,0,1,1,1,1,2,1,"$39,900 ","44900",396.1,10,59.96
"148","OK",145,"Northwestern Oklahoma State University","$20,978 ","Alva","73717-2799","www.nwosu.edu",36.796658,-98.667673,"0.4377","Public","Town","970",14626,1,0,0,1,1,0,1,1,1,1,2,1,"$20,978 ","36600",406,44,41.36
"149","CA",146,"University of California-Berkeley","$39,944 ","Berkeley","94720","www.berkeley.edu",37.871918,-122.260463,"0.1693","Public","City","1422",34924,0,1,1,1,0,1,1,1,1,1,1,1,"$39,944 ","62500",396.1,10,59.96
"150","IL",147,"University of Illinois at Chicago","$26,526 ","Chicago","60607","www.uic.edu",41.871837,-87.650503,"0.7359","Public","City","1105",25131,0,0,1,1,1,1,1,1,1,1,2,1,"$26,526 ","51700",370,25,52.6
"151","MA",148,"University of Massachusetts-Lowell","$29,125 ","Lowell","01854-5104","www.uml.edu",42.652864,-71.326809,"0.6057","Public","Suburb","1172",26318,0,0,0,2,0,1,1,2,2,1,2,1,"$29,125 ","48600",391.4,16,57.42
"152","WA",149,"Seattle Pacific University","$38,940 ","Seattle","98119-1997","www.spu.edu",47.650214,-122.361667,"0.8728","Private nonprofit","City","1108",51149,0,0,0,1,1,1,1,1,1,1,1,1,"$38,940 ","44000",285.2,12,59.26
"153","RI",150,"University of Rhode Island","$28,852 ","Kingston","02881","web.uri.edu/",41.484691,-71.527356,"0.7276","Public","Suburb","1081",27552,1,1,1,1,1,1,1,1,1,1,1,1,"$28,852 ","49100",219.2,27,52.37
"154","AL",151,"University of Alabama at Birmingham","$17,654 ","Birmingham","35294-0110","www.uab.edu",33.505697,-86.799345,"0.5814","Public","City","1125",22684,0,0,0,1,1,1,1,1,1,1,2,1,"$17,654 ","42000",427.4,50,34.15
"155","MD",152,"University of Maryland-Baltimore County","$24,492 ","Baltimore","21250","umbc.edu",39.256686,-76.711607,"0.5683","Public","Suburb","1216",23818,0,1,0,1,1,1,1,1,1,1,1,1,"$24,492 ","49700",446.1,23,55.14
"156","FL",153,"University of North Florida","$17,325 ","Jacksonville","32224-7699","www.unf.edu",30.27194,-81.509144,"0.6453","Public","City","1110",20926,0,0,0,1,1,1,1,1,1,1,1,1,"$17,325 ","41500",540.5,35,49.14
"157","CA",154,"Biola University","$36,696 ","La Mirada","90639-0001","https://www.biola.edu",33.906203,-118.014374,"0.6485","Private nonprofit","Suburb","1093",48857,0,1,0,1,1,1,1,1,1,1,1,1,"$36,696 ","42700",396.1,10,59.96
"158","VA",155,"Virginia Commonwealth University","$31,608 ","Richmond","23284-2512","www.vcu.edu/",37.547631,-77.453597,"0.8115","Public","City","1094",29278,0,1,0,1,1,1,1,1,1,1,1,1,"$31,608 ","42300",196.2,21,56.61
"159","MO",156,"Maryville University of Saint Louis","$27,958 ","Saint Louis","63141-7299","www.maryville.edu",38.644774,-90.505998,"0.928","Private nonprofit","Suburb","1114",43804,0,1,0,1,1,1,1,1,1,1,2,1,"$27,958 ","45500",442.9,42,44.58
"160","MO",157,"Missouri University of Science and Technology","$26,152 ","Rolla","65409","www.mst.edu/",37.953426,-91.775583,"0.7933","Public","Town","1265",21698,0,0,0,1,0,1,1,1,1,1,1,1,"$26,152 ","61400",442.9,42,44.58
"161","MN",158,"Saint Johns University","$39,460 ","Collegeville","56321","www.csbsju.edu",45.580075,-94.393621,"0.8778","Private nonprofit","Rural","1134",52168,0,1,0,1,1,0,1,1,1,1,1,1,"$39,460 ","54800",229.1,2,69.09
"162","TN",159,"Union University","$30,420 ","Jackson","38305-3697","www.uu.edu",35.676896,-88.858524,"0.6257","Private nonprofit","City","1200",47458,0,0,0,1,1,1,1,1,1,1,2,1,"$30,420 ","42900",608.4,45,39.96
"163","WI",160,"Edgewood College","$27,530 ","Madison","53711-1997","www.edgewood.edu",43.057059,-89.422884,"0.7587","Private nonprofit","City","1069",39116,0,1,0,1,1,0,1,1,1,1,1,1,"$27,530 ","42600",290.3,15,57.8
"164","FL",161,"Florida Institute of Technology","$40,446 ","Melbourne","32901-6975","www.fit.edu",28.065815,-80.622893,"0.6133","Private nonprofit","City","1179",55984,0,1,0,1,1,1,1,1,1,0,1,0,"$40,446 ","50300",540.5,35,49.14
"165","ID",162,"University of Idaho","$22,040 ","Moscow","83844-2282","www.uidaho.edu",46.727406,-117.014167,"0.7589","Public","Town","1070",20045,1,1,1,1,1,1,1,1,1,1,1,2,"$22,040 ","39800",212.2,6,60.93
"166","KY",163,"University of Louisville","$24,626 ","Louisville","40292-0001","www.louisville.edu",38.216862,-85.760412,"0.7257","Public","City","1165",24768,0,0,0,0,1,1,1,1,1,1,1,1,"$24,626 ","41100",211.6,49,35.08
"167","WY",164,"University of Wyoming","$16,215 ","Laramie","82071","www.uwyo.edu",41.311773,-105.57931,"0.9508","Public","Town","1102",19169,1,1,0,1,1,1,1,1,1,1,1,1,"$16,215 ","47000",195.5,13,59.24
"168","IN",165,"Ball State University","$25,428 ","Muncie","47306","www.bsu.edu",40.203431,-85.409043,"0.6225","Public","City","1057",23157,0,1,1,1,1,1,1,1,1,1,2,1,"$25,428 ","37700",365.3,40,45.94
"169","TN",166,"Lipscomb University","$29,756 ","Nashville","37204-3951","www.lipscomb.edu",36.10469,-86.799304,"0.6085","Private nonprofit","City","1142",42170,0,1,0,1,1,1,1,1,1,1,2,1,"$29,756 ","41200",608.4,45,39.96
"170","MS",167,"Mississippi State University","$20,142 ","Mississippi State","39762","www.msstate.edu",33.454852,-88.790139,"0.5567","Public","Town","1125",22818,1,1,1,1,1,1,1,1,1,1,1,1,"$20,142 ","40600",278.5,48,36.05
"171","NJ",168,"Montclair State University","$20,318 ","Montclair","07043-1624","www.montclair.edu",40.860414,-74.198141,"0.6613","Public","Suburb","NULL",24885,0,0,0,1,1,0,1,1,1,1,1,1,"$20,318 ","44600",261.2,20,56.82
"172","TX",169,"Texas Tech University","$22,861 ","Lubbock","79409-5005","www.ttu.edu",33.583448,-101.874783,"0.626","Public","City","1117",22112,2,1,1,1,0,1,1,1,1,1,1,1,"$22,861 ","50600",405.9,29,52.23
"173","FL",170,"University of Central Florida","$22,467 ","Orlando","32816","www.ucf.edu/",28.602159,-81.200889,"0.4999","Public","Suburb","1179",21168,0,0,1,1,2,1,1,1,2,2,1,2,"$22,467 ","42800",540.5,35,49.14
"174","NM",171,"University of New Mexico-Gallup Campus","$21,302 ","Gallup","87301","www.gallup.unm.edu",35.502662,-108.727252,"NULL","Public","Rural","NULL",12891,0,0,0,0,0,0,0,0,0,0,0,0,"$21,302 ","37200",597.4,41,45.02
"175","MI",172,"Andrews University","$27,684 ","Berrien Springs","49104","www.andrews.edu",41.963859,-86.355815,"0.4042","Private nonprofit","Town","1127",36529,1,0,1,1,1,1,1,1,1,1,1,1,"$27,684 ","37200",427.3,43,44.17
"176","CA",173,"Azusa Pacific University","$36,120 ","Azusa","91702-7000","www.apu.edu",34.130047,-117.888375,"0.6146","Private nonprofit","Suburb","1035",48284,0,0,0,2,1,0,1,1,1,1,2,1,"$36,120 ","47600",396.1,10,59.96
"177","ME",174,"University of Maine","$29,498 ","Orono","04469","www.umaine.edu/",44.899257,-68.669332,"0.8975","Public","Suburb","1073",22904,1,1,0,1,1,1,1,1,1,2,1,1,"$29,498 ","41000",127.8,33,51.32
"178","WV",175,"West Virginia University","$21,432 ","Morgantown","26506","www.wvu.edu",39.634371,-79.954391,"0.7612","Public","City","1069",19512,1,1,1,1,1,1,1,1,1,1,1,1,"$21,432 ","44000",302,51,32.65
"179","PA",177,"Robert Morris University","$28,250 ","Moon Township","15108-1189","www.rmu.edu",40.520415,-80.210468,"0.7984","Private nonprofit","Suburb","1050",42015,0,1,0,1,2,1,1,1,2,2,2,1,"$28,250 ","44000",314.1,34,49.98
"180","MA",178,"Suffolk University","$35,578 ","Boston","02108-2770","www.suffolk.edu",42.358944,-71.061788,"0.8442","Private nonprofit","City","1020",48936,0,1,0,1,1,1,1,1,1,1,1,1,"$35,578 ","47900",391.4,16,57.42
"181","CT",179,"University of Hartford","$37,790 ","West Hartford","06117-1599","www.hartford.edu",41.798591,-72.715213,"0.7193","Private nonprofit","City","1046",51495,0,0,0,1,1,1,1,1,1,1,1,1,"$37,790 ","42000",236.9,17,57.04
"182","AL",180,"Athens State University","$18,376 ","Athens","35611","www.athens.edu",34.806793,-86.964698,"NULL","Public","Town","NULL",NA,0,0,0,2,2,0,1,1,1,1,2,1,"$18,376 ","37700",427.4,50,34.15
"183","ND",181,"North Dakota State University-Main Campus","$19,790 ","Fargo","58108-6050","https://www.ndsu.edu",46.893127,-96.800838,"0.928","Public","City","1091",19602,1,1,1,1,1,1,1,1,1,2,1,1,"$19,790 ","47500",265.1,3,67.95
"184","AL",182,"Alabama State University","$42,772 ","Montgomery","36104-0271","www.alasu.edu",32.364317,-86.295677,"0.459","Public","City","825",19242,0,0,0,1,1,1,1,1,2,1,1,1,"$42,772 ","25700",427.4,50,34.15
"185","TX",183,"University of Houston","$25,410 ","Houston","77204-2018","www.uh.edu/",29.720393,-95.343537,"0.5854","Public","City","1152",23858,0,1,1,1,0,1,1,1,1,1,1,1,"$25,410 ","51200",405.9,29,52.23
"186","MI",184,"Western Michigan University","$25,713 ","Kalamazoo","49008-5200","https://wmich.edu/",42.282194,-85.613759,"0.8231","Public","City","1030",23598,0,1,1,1,1,1,1,1,1,1,1,1,"$25,713 ","41600",427.3,43,44.17
"187","OH",185,"Bowling Green State University-Firelands","$18,332 ","Huron","44839-9791","www.firelands.bgsu.edu",41.397521,-82.594156,"NULL","Public","Rural","NULL",14572,0,0,0,0,0,0,0,0,0,0,0,0,"$18,332 ","37500",284.9,39,46.04
"188","MA",186,"Lesley University","$25,750 ","Cambridge","02138-2790","www.lesley.edu",42.38012,-71.117303,"0.6373","Private nonprofit","City","1064",40889,0,1,0,0,2,0,1,1,2,2,2,1,"$25,750 ","34800",391.4,16,57.42
"189","IN",187,"Indiana University-Purdue University-Indianapolis","$29,791 ","Indianapolis","46202-5143","www.iupui.edu",39.772948,-86.172217,"0.7397","Public","City","1025",20451,0,1,0,1,1,1,1,1,1,1,2,1,"$29,791 ","43000",365.3,40,45.94
"190","AL",188,"University of Alabama in Huntsville","$20,622 ","Huntsville","35899","www.uah.edu",34.724557,-86.640449,"0.7628","Public","City","1257",22059,0,0,0,1,1,1,1,1,1,1,1,1,"$20,622 ","44900",427.4,50,34.15
"191","CO",189,"University of Colorado Denver/Anschutz Medical Campus","$29,334 ","Denver","80217-3364","www.ucdenver.edu/",39.745149,-104.837722,"0.6052","Public","City","1077",20306,0,0,1,1,2,1,1,1,2,2,2,1,"$29,334 ","59900",309.1,5,61.59
"192","NV",190,"University of Nevada-Reno","$21,052 ","Reno","89557","www.unr.edu/",39.543642,-119.815377,"0.8281","Public","City","1088",20702,1,1,0,1,1,1,1,1,1,1,1,1,"$21,052 ","47300",635.6,36,48.23
"193","MI",191,"Central Michigan University","$23,670 ","Mount Pleasant","48859","https://www.cmich.edu",43.591203,-84.77525,"0.7156","Public","Town","1049",22778,0,1,0,1,1,1,1,1,2,2,2,1,"$23,670 ","38800",427.3,43,44.17
"194","LA",192,"Louisiana Tech University","$25,851 ","Ruston","71272","www.latech.edu",32.528297,-92.649963,"0.6319","Public","Town","1105",18954,1,1,1,1,1,1,1,1,1,1,2,1,"$25,851 ","42900",514.7,46,39.03
"195","SD",193,"South Dakota State University","$11,403 ","Brookings","57007-1898","https://www.sdstate.edu/",44.317485,-96.782139,"0.9076","Public","Town","1069",25761,1,1,1,1,2,1,1,1,1,2,1,1,"$11,403 ","43600",326.5,9,60.08
"196","ND",194,"University of North Dakota","$18,899 ","Grand Forks","58202-8193","und.edu",47.921654,-97.071738,"0.8369","Public","City","1090",19290,0,0,0,1,2,1,1,1,2,1,1,1,"$18,899 ","48400",265.1,3,67.95
"197","SD",195,"University of South Dakota","$11,688 ","Vermillion","57069-2390","WWW.USD.EDU",42.786019,-96.925283,"0.8813","Public","Town","1050",20806,0,0,0,1,1,0,1,1,1,1,1,1,"$11,688 ","41300",326.5,9,60.08
"198","CA",196,"California State University-Fullerton","$17,596 ","Fullerton","92831-3599","www.fullerton.edu",33.881506,-117.885446,"0.4823","Public","Suburb","1017",17049,0,0,0,1,1,1,1,1,1,2,2,1,"$17,596 ","43400",396.1,10,59.96
"199","AK",197,"University of Alaska Fairbanks","$22,469 ","Fairbanks","99775-7500","www.uaf.edu",64.85756,-147.823146,"0.7347","Public","Suburb","1060",16694,0,1,0,1,2,1,1,1,1,1,2,1,"$22,469 ","40200",635.8,28,52.23
"200","NC",198,"University of North Carolina at Charlotte","$20,193 ","Charlotte","28223-0001","www.uncc.edu",35.306022,-80.730919,"0.6203","Public","City","1112",19723,0,0,1,1,1,1,1,1,1,1,1,1,"$20,193 ","42300",329.5,30,52.16
"201","NC",199,"East Carolina University","$22,904 ","Greenville","27858-4353","www.ecu.edu",35.607186,-77.368291,"0.7034","Public","City","1040",20567,0,0,1,2,2,1,1,1,1,1,2,1,"$22,904 ","38700",329.5,30,52.16
"202","MT",200,"Montana State University","$23,042 ","Bozeman","59717","www.montana.edu/",45.666726,-111.048812,"0.8287","Public","Town","1126",19441,1,2,1,1,2,1,1,2,1,1,1,1,"$23,042 ","41500",323.7,22,55.49
"203","VA",201,"Old Dominion University","$27,028 ","Norfolk","23529","www.odu.edu",36.886418,-76.30666,"0.8464","Public","City","1010",22806,0,0,0,2,2,2,1,1,2,2,2,1,"$27,028 ","42000",196.2,21,56.61
"204","MO",202,"University of Missouri-Kansas City","$22,714 ","Kansas City","64110","www.umkc.edu/",39.034179,-94.582141,"0.6187","Public","City","1126",21575,0,1,1,1,1,1,1,1,1,1,1,1,"$22,714 ","47500",442.9,42,44.58
"205","OH",203,"Ashland University","$20,392 ","Ashland","44805","https://www.ashland.edu",40.861755,-82.321061,"0.7247","Private nonprofit","Town","1051",32390,0,1,0,1,1,0,1,1,1,1,2,1,"$20,392 ","37400",284.9,39,46.04
"206","TX",204,"Dallas Baptist University","$26,180 ","Dallas","75211-9299","https://www.dbu.edu",32.710017,-96.947006,"0.4311","Private nonprofit","City","1060",36371,0,1,0,1,1,0,1,1,2,2,2,2,"$26,180 ","43700",405.9,29,52.23
"207","IL",205,"Northern Illinois University","$23,799 ","Dekalb","60115-2828","www.niu.edu",41.933869,-88.766428,"0.5184","Public","Suburb","1030",28725,0,1,0,1,1,1,1,1,1,1,1,1,"$23,799 ","42400",370,25,52.6
"208","FL",206,"Nova Southeastern University","$27,660 ","Fort Lauderdale","33314-7796","www.nova.edu",26.079337,-80.24248,"0.5254","Private nonprofit","Suburb","1127",43351,0,1,0,1,2,1,1,0,1,1,2,1,"$27,660 ","49800",540.5,35,49.14
"209","IL",207,"Southern Illinois University-Carbondale","$27,130 ","Carbondale","62901-4512","www.siu.edu",37.714193,-89.217273,"0.7665","Public","City","1029",26868,1,1,1,2,1,1,1,1,1,1,2,1,"$27,130 ","42100",370,25,52.6
"210","AL",208,"University of Montevallo","$24,562 ","Montevallo","35115-6000","www.montevallo.edu",33.10625,-86.865099,"0.6542","Public","Suburb","1069",24599,0,0,0,0,1,0,1,1,1,1,1,1,"$24,562 ","30800",427.4,50,34.15
"211","IL",209,"Benedictine University","$32,170 ","Lisle","60532-0900","www.ben.edu",41.777569,-88.097307,"NULL","Private nonprofit","Suburb","NULL",38036,0,1,0,1,1,1,1,1,1,1,2,1,"$32,170 ","45600",370,25,52.6
"212","NC",210,"Gardner-Webb University","$29,850 ","Boiling Springs","28017-0997","www.gardner-webb.edu",35.24732,-81.668141,"0.5188","Private nonprofit","Town","987",41020,0,0,0,2,2,0,1,1,1,2,2,1,"$29,850 ","36100",329.5,30,52.16
"213","VA",211,"Shenandoah University","$31,322 ","Winchester","22601-5195","www.su.edu",39.166058,-78.158376,"0.8802","Private nonprofit","City","1009",44258,0,1,0,0,1,0,1,1,1,1,1,1,"$31,322 ","45800",196.2,21,56.61
"214","TN",212,"Tennessee Technological University","$24,800 ","Cookeville","38505-0001","www.tntech.edu",36.174659,-85.503957,"0.6721","Public","Town","1103",23109,1,1,0,1,2,1,1,1,1,1,1,1,"$24,800 ","39700",608.4,45,39.96
"215","MS",213,"University of Southern Mississippi","$16,094 ","Hattiesburg","39406-0001","www.usm.edu",31.32661,-89.331236,"0.6014","Public","City","1070",20469,0,0,1,1,2,1,1,1,1,1,2,1,"$16,094 ","36700",278.5,48,36.05
"216","UT",214,"Utah State University","$19,772 ","Logan","84322-1400","www.usu.edu",41.740748,-111.81391,"0.9025","Public","City","1087",18093,2,1,1,1,1,1,1,1,2,2,1,1,"$19,772 ","41200",215.6,1,71.02
"217","CA",215,"California State University-Fresno","$17,209 ","Fresno","93740","www.csufresno.edu",36.814477,-119.748258,"0.5354","Public","City","907",16078,1,1,0,1,1,1,1,1,1,1,1,1,"$17,209 ","39800",396.1,10,59.96
"218","NM",216,"New Mexico State University-Dona Ana","$21,234 ","Las Cruces","88011","dacc.nmsu.edu/",32.354486,-106.737172,"NULL","Public","Rural","NULL",10972,0,0,0,0,0,0,0,0,0,0,0,0,"$21,234 ","34000",597.4,41,45.02
"219","MA",217,"University of Massachusetts-Boston","$32,023 ","Boston","02125-3393","www.umb.edu",42.312881,-71.036865,"0.6852","Public","City","1073",21884,0,1,0,1,1,1,1,1,1,1,1,1,"$32,023 ","45000",391.4,16,57.42
"220","MA",218,"University of Massachusetts-Dartmouth","$19,270 ","North Dartmouth","02747-2300","www.umassd.edu",41.62869,-71.004552,"0.7602","Public","Suburb","1025",25410,0,0,0,1,1,1,1,1,1,2,2,1,"$19,270 ","42600",391.4,16,57.42
"221","MO",219,"University of Missouri-St Louis","$26,277 ","Saint Louis","63121-4400","www.umsl.edu/",38.710312,-90.311091,"0.7062","Public","Suburb","1101",22105,0,0,0,1,1,1,1,1,1,2,2,2,"$26,277 ","41100",442.9,42,44.58
"222","NC",220,"University of North Carolina at Greensboro","$21,595 ","Greensboro","27402-6170","www.uncg.edu",36.068236,-79.809414,"0.7393","Public","City","1054",18764,0,0,0,2,2,0,1,1,1,1,2,1,"$21,595 ","35200",329.5,30,52.16
